game_id,with_hc,without_hc
hc-offense-analytics-2026-data-b00-g00,true,false
hc-offense-analytics-2026-data-b00-g01,true,false
hc-offense-analytics-2026-data-b00-g02,true,false
hc-offense-analytics-2026-data-b00-g03,true,false
hc-offense-analytics-2026-data-b00-g04,true,false
hc-offense-analytics-2026-data-b00-g05,true,false
hc-offense-analytics-2026-data-b00-g06,true,false
hc-offense-analytics-2026-data-b00-g07,true,false
hc-offense-analytics-2026-data-b00-g08,true,false
hc-offense-analytics-2026-data-b00-g09,true,false
hc-offense-analytics-2026-data-b00-g10,true,false
hc-offense-analytics-2026-data-b00-g11,true,false
hc-offense-analytics-2026-data-b00-g12,true,false
hc-offense-analytics-2026-data-b00-g18,true,false
hc-offense-analytics-2026-data-b00-g21,true,false
hc-offense-analytics-2026-data-b00-g23,true,false
hc-offense-analytics-2026-data-b00-g25,true,false
hc-offense-analytics-2026-data-b00-g26,true,false
hc-offense-analytics-2026-data-b00-g27,true,false
hc-offense-analytics-2026-data-b00-g28,true,false
hc-offense-analytics-2026-data-b00-g29,true,false
hc-offense-analytics-2026-data-b00-g30,true,false
hc-offense-analytics-2026-data-b00-g31,true,false
hc-offense-analytics-2026-data-b00-g32,true,false
hc-offense-analytics-2026-data-b00-g34,true,false
hc-scoring-probability-data-b01-g19,true,false
hc-scoring-probability-data-b01-g20,true,false
hc-scoring-probability-data-b01-g21,true,false
hc-scoring-probability-data-b01-g22,true,false
hc-scoring-probability-data-b01-g23,true,false
hc-scoring-probability-data-b01-g24,true,false
hc-scoring-probability-data-b01-g26,true,false
hc-scoring-probability-data-b01-g27,true,false
hc-scoring-probability-data-b01-g28,true,false
hc-scoring-probability-data-b01-g30,true,false
hc-scoring-probability-data-b01-g32,true,false
hc-scoring-probability-data-b01-g33,true,false
hc-scoring-probability-data-b01-g34,true,false
hc-scoring-probability-data-b01-g35,true,false
hc-scoring-probability-data-b01-g36,true,false
hc-scoring-probability-data-b01-g37,true,false
hc-scoring-probability-data-b01-g38,true,false
hc-scoring-probability-data-b01-g40,true,false
hc-scoring-probability-data-b01-g41,true,false
hc-scoring-probability-data-b01-g42,true,false
hc-scoring-probability-data-b01-g43,true,false
hc-scoring-probability-data-b01-g44,true,false
hc-scoring-probability-data-b01-g45,true,false
hc-scoring-probability-data-b01-g46,true,false
hc-scoring-probability-data-b01-g47,true,false
hc-scoring-probability-data-b01-g48,true,false
hc-scoring-probability-data-b01-g49,true,false
hc-scoring-probability-data-b01-g50,true,false
hc-scoring-probability-data-b01-g51,true,false
hc-scoring-probability-data-b01-g52,true,false
hc-scoring-probability-data-b01-g53,true,false
hc-scoring-probability-data-b01-g54,true,false
hc-scoring-probability-data-b01-g55,true,false
hc-scoring-probability-data-b01-g57,true,false
hc-scoring-probability-data-b01-g58,true,false
hc-scoring-probability-data-b01-g61,true,false
hc-scoring-probability-data-b01-g62,true,false
hc-scoring-probability-data-b01-g64,true,false
hc-scoring-probability-data-b01-g65,true,false
hc-scoring-probability-data-b01-g66,true,false
hc-scoring-probability-data-b01-g67,true,false
hc-scoring-probability-data-b01-g68,true,false
hc-scoring-probability-data-b01-g69,true,false
hc-scoring-probability-data-b01-g70,true,false
hc-scoring-probability-data-b01-g71,true,false
hc-scoring-probability-data-b01-g72,true,false
hc-scoring-probability-data-b01-g73,true,false
hc-scoring-probability-data-b01-g76,true,false
hc-scoring-probability-data-b01-g77,true,false
hc-scoring-probability-data-b01-g78,true,false
hc-scoring-probability-data-b01-g79,true,false
hc-scoring-probability-data-b01-g80,true,false
hc-scoring-probability-data-b01-g81,true,false
hc-scoring-probability-data-b01-g82,true,false
hc-scoring-probability-data-b01-g83,true,false
hc-scoring-probability-data-b01-g84,true,false
hc-scoring-probability-data-b01-g85,true,false
hc-scoring-probability-data-b01-g86,true,false
hc-scoring-probability-data-b01-g87,true,false
hc-scoring-probability-data-b01-g88,true,false
hc-scoring-probability-data-b01-g89,true,false
hc-scoring-probability-data-b01-g90,true,false
hc-scoring-probability-data-b01-g91,true,false
hc-scoring-probability-data-b01-g92,true,false
hc-scoring-probability-data-b01-g93,true,false
hc-scoring-probability-data-b03-g10,true,false
hc-scoring-probability-data-b03-g29,true,false
ifaf-019ffff1-a8db-73ed-91ff-068fd964194c,true,true
ifaf-019ffff1-a998-7548-ad06-7810b8a4ac85,true,true
ifaf-019ffff1-acfa-7551-b530-db7859c006f9,true,true
ifaf-019ffff1-ad6c-736f-b3a0-98dadd15c22a,true,true
ifaf-01a00140-b65c-70fe-ac8a-8256b8f5854f,true,true
ifaf-01a00140-b679-7659-b3c9-c837309e1522,true,true
ifaf-01a00140-b68c-739c-9d8b-aba8e5099ae8,true,true
ifaf-01a0047c-8d74-7770-a865-807190cf52ac,true,true
ifaf-01a0047c-8dec-71ed-a103-f448fcbdc992,true,true
ifaf-01a004ca-f289-7090-81ad-18c9c234e96b,true,true
ifaf-01a004ca-f2a4-772c-a1b1-5f345f2f0e41,true,true
ifaf-01a0054e-fc02-75cd-854f-9eb72bfc15ec,true,true
ifaf-01a0059b-9bca-70b8-b07d-a786340082ac,true,true
ifaf-01a0059b-9c0e-70e3-9c86-daf0d576a23c,true,true
ifaf-01a00618-f86d-72e3-965c-935c1cf16e56,true,true
ifaf-01a00618-f8a8-7760-bc82-342b997c513e,true,true
ifaf-01a0062b-6706-727b-b8c4-18f7fdc023c8,true,true
ifaf-01a0062b-6782-7353-902b-08bba8fea5ab,true,true
ifaf-ffwc26-wa3,true,true
ifaf-ffwc26-wa5,true,true
ifaf-ffwc26-wa6,true,true
ifaf-ffwc26-wb4,true,true
ifaf-ffwc26-wb6,true,true
ifaf-ffwc26-wc1,true,true
ifaf-ffwc26-wc2,true,true
ifaf-ffwc26-wc3,true,true
ifaf-ffwc26-wc4,true,true
ifaf-ffwc26-wc5,true,true
ifaf-ffwc26-wc6,true,true
ifaf-ffwc26-wd3,true,true
ifaf-ffwc26-wd5,true,true
ifaf-ffwc26-wd6,true,true
legacy-1,true,true
legacy-10,true,true
legacy-11,true,true
legacy-12,true,true
legacy-13,true,true
legacy-14,true,true
legacy-15,true,true
legacy-16,true,true
legacy-17,true,true
legacy-18,true,true
legacy-19,true,true
legacy-2,true,true
legacy-20,true,true
legacy-21,true,true
legacy-22,true,true
legacy-23,true,true
legacy-24,true,true
legacy-25,true,true
legacy-26,true,true
legacy-27,true,true
legacy-28,true,true
legacy-29,true,true
legacy-3,true,true
legacy-30,true,true
legacy-31,true,true
legacy-32,true,true
legacy-33,true,true
legacy-34,true,true
legacy-35,true,true
legacy-36,true,true
legacy-37,true,true
legacy-38,true,true
legacy-39,true,true
legacy-4,true,true
legacy-40,true,true
legacy-41,true,true
legacy-42,true,true
legacy-43,true,true
legacy-44,true,true
legacy-45,true,true
legacy-46,true,true
legacy-47,true,true
legacy-5,true,true
legacy-6,true,true
legacy-7,true,true
legacy-8,true,true
legacy-9,true,true
legacy-sportapp-1000,true,true
legacy-sportapp-1001,true,true
legacy-sportapp-1003,true,true
legacy-sportapp-1004,true,true
legacy-sportapp-1005,true,true
legacy-sportapp-1006,true,true
legacy-sportapp-1007,true,true
legacy-sportapp-1009,true,true
legacy-sportapp-1010,true,true
legacy-sportapp-1011,true,true
legacy-sportapp-1012,true,true
legacy-sportapp-1013,true,true
legacy-sportapp-1014,true,true
legacy-sportapp-1015,true,true
legacy-sportapp-1016,true,true
legacy-sportapp-1017,true,true
legacy-sportapp-1018,true,true
legacy-sportapp-1019,true,true
legacy-sportapp-1020,true,true
legacy-sportapp-1021,true,true
legacy-sportapp-1022,true,true
legacy-sportapp-1023,true,true
legacy-sportapp-1024,true,true
legacy-sportapp-1025,true,true
legacy-sportapp-1026,true,true
legacy-sportapp-1027,true,true
legacy-sportapp-1028,true,true
legacy-sportapp-1029,true,true
legacy-sportapp-1032,true,true
legacy-sportapp-1033,true,true
legacy-sportapp-1034,true,true
legacy-sportapp-1035,true,true
legacy-sportapp-1036,true,true
legacy-sportapp-1037,true,true
legacy-sportapp-1038,true,true
legacy-sportapp-1039,true,true
legacy-sportapp-1041,true,true
legacy-sportapp-1042,true,true
legacy-sportapp-1043,true,true
legacy-sportapp-1044,true,true
legacy-sportapp-1045,true,true
legacy-sportapp-1047,true,true
legacy-sportapp-1048,true,true
legacy-sportapp-1049,true,true
legacy-sportapp-1050,true,true
legacy-sportapp-1051,true,true
legacy-sportapp-1052,true,true
legacy-sportapp-1053,true,true
legacy-sportapp-1054,true,true
legacy-sportapp-1055,true,true
legacy-sportapp-1056,true,true
legacy-sportapp-1057,true,true
legacy-sportapp-1058,true,true
legacy-sportapp-1059,true,true
legacy-sportapp-1060,true,true
legacy-sportapp-1061,true,true
legacy-sportapp-1062,true,true
legacy-sportapp-1063,true,true
legacy-sportapp-1064,true,true
legacy-sportapp-1065,true,true
legacy-sportapp-1066,true,true
legacy-sportapp-1067,true,true
legacy-sportapp-1068,true,true
legacy-sportapp-1074,true,true
legacy-sportapp-1075,true,true
legacy-sportapp-1076,true,true
legacy-sportapp-1077,true,true
legacy-sportapp-1078,true,true
legacy-sportapp-1079,true,true
legacy-sportapp-1080,true,true
legacy-sportapp-1081,true,true
legacy-sportapp-1082,true,true
legacy-sportapp-1083,true,true
legacy-sportapp-1084,true,true
legacy-sportapp-1085,true,true
legacy-sportapp-1086,true,true
legacy-sportapp-1087,true,true
legacy-sportapp-1088,true,true
legacy-sportapp-1089,true,true
legacy-sportapp-1090,true,true
legacy-sportapp-1091,true,true
legacy-sportapp-1092,true,true
legacy-sportapp-1093,true,true
legacy-sportapp-1097,true,true
legacy-sportapp-1098,true,true
legacy-sportapp-1099,true,true
legacy-sportapp-1100,true,true
legacy-sportapp-1101,true,true
legacy-sportapp-1102,true,true
legacy-sportapp-1103,true,true
legacy-sportapp-1104,true,true
legacy-sportapp-1105,true,true
legacy-sportapp-1106,true,true
legacy-sportapp-1107,true,true
legacy-sportapp-1108,true,true
legacy-sportapp-1109,true,true
legacy-sportapp-1110,true,true
legacy-sportapp-1111,true,true
legacy-sportapp-1112,true,true
legacy-sportapp-1113,true,true
legacy-sportapp-1114,true,true
legacy-sportapp-1115,true,true
legacy-sportapp-1116,true,true
legacy-sportapp-1117,true,true
legacy-sportapp-1118,true,true
legacy-sportapp-1123,true,true
legacy-sportapp-1124,true,true
legacy-sportapp-1125,true,true
legacy-sportapp-1126,true,true
legacy-sportapp-1127,true,true
legacy-sportapp-1128,true,true
legacy-sportapp-1129,true,true
legacy-sportapp-1130,true,true
legacy-sportapp-1131,true,true
legacy-sportapp-1132,true,true
legacy-sportapp-1133,true,true
legacy-sportapp-1134,true,true
legacy-sportapp-1137,true,true
legacy-sportapp-1140,true,true
legacy-sportapp-1141,true,true
legacy-sportapp-1142,true,true
legacy-sportapp-1143,true,true
legacy-sportapp-1145,true,true
legacy-sportapp-1146,true,true
legacy-sportapp-1148,true,true
legacy-sportapp-1150,true,true
legacy-sportapp-1151,true,true
legacy-sportapp-1152,true,true
legacy-sportapp-1155,true,true
legacy-sportapp-1157,true,true
legacy-sportapp-956,true,true
legacy-sportapp-957,true,true
legacy-sportapp-958,true,true
legacy-sportapp-959,true,true
legacy-sportapp-960,true,true
legacy-sportapp-961,true,true
legacy-sportapp-962,true,true
legacy-sportapp-963,true,true
legacy-sportapp-964,true,true
legacy-sportapp-965,true,true
legacy-sportapp-966,true,true
legacy-sportapp-967,true,true
legacy-sportapp-968,true,true
legacy-sportapp-969,true,true
legacy-sportapp-970,true,true
legacy-sportapp-971,true,true
legacy-sportapp-972,true,true
legacy-sportapp-973,true,true
legacy-sportapp-974,true,true
legacy-sportapp-977,true,true
legacy-sportapp-978,true,true
legacy-sportapp-980,true,true
legacy-sportapp-982,true,true
legacy-sportapp-983,true,true
legacy-sportapp-984,true,true
legacy-sportapp-985,true,true
legacy-sportapp-987,true,true
legacy-sportapp-988,true,true
legacy-sportapp-989,true,true
legacy-sportapp-990,true,true
legacy-sportapp-991,true,true
legacy-sportapp-993,true,true
legacy-sportapp-994,true,true
legacy-sportapp-995,true,true
legacy-sportapp-996,true,true
legacy-sportapp-997,true,true
legacy-sportapp-998,true,true
legacy-sportapp-999,true,true
