rolle,spieler,definition,label_de,scope_note,n,successes,rate,ci_low,ci_high,muted,shrunk_rate
QB,QB-01,baseline_hc_verbal,"HC mündliche Regel (Yards > 12 oder EPA > 0, nur Pass)","Nenner: nur Pass-Attempts, wie im HC-Workbook (mündliche Regel).",311,179,0.5755627009646302,0.5185223560199876,0.6311497169583502,false,0.5744118874291572
QB,QB-01,baseline_hc_workbook,"HC-Workbook Explosive % (Yards > 12, nur Pass)","Nenner: nur Pass-Attempts (Comps+Incs+Sacks), wie im HC-Workbook.",311,58,0.1864951768488746,0.1447668003093059,0.23431122512051597,false,0.1860165526293402
QB,QB-01,explosive_epa_magnitude,Explosiveness (EPA-Magnitude auf Erfolgen),Nenner: alle Scrimmage-Plays (Lauf + Pass).,311,30,0.09646302250803858,0.06603298774027473,0.1348393759960901,false,0.09681652645980669
QB,QB-01,success_rate_epa,Success Rate (EPA > 0),Nenner: alle Scrimmage-Plays (Lauf + Pass).,311,174,0.5594855305466238,0.5023582808253296,0.6154688517608108,false,0.5585378598410058
QB,QB-02,baseline_hc_verbal,"HC mündliche Regel (Yards > 12 oder EPA > 0, nur Pass)","Nenner: nur Pass-Attempts, wie im HC-Workbook (mündliche Regel).",296,160,0.5405405405405406,0.4819159738318601,0.598345564704547,false,0.5404778296233969
QB,QB-02,baseline_hc_workbook,"HC-Workbook Explosive % (Yards > 12, nur Pass)","Nenner: nur Pass-Attempts (Comps+Incs+Sacks), wie im HC-Workbook.",296,46,0.1554054054054054,0.11607783814310561,0.20179364633259309,false,0.15591932481705295
QB,QB-02,explosive_epa_magnitude,Explosiveness (EPA-Magnitude auf Erfolgen),Nenner: alle Scrimmage-Plays (Lauf + Pass).,296,24,0.08108108108108109,0.052639858561259065,0.11824065318207125,false,0.08195459148234624
QB,QB-02,success_rate_epa,Success Rate (EPA > 0),Nenner: alle Scrimmage-Plays (Lauf + Pass).,296,159,0.5371621621621622,0.4785420074363356,0.5950310840275914,false,0.5368975588528199
QB,QB-03,baseline_hc_verbal,"HC mündliche Regel (Yards > 12 oder EPA > 0, nur Pass)","Nenner: nur Pass-Attempts, wie im HC-Workbook (mündliche Regel).",262,143,0.5458015267175572,0.48337767106469737,0.6071775616649999,false,0.5455375583263214
QB,QB-03,baseline_hc_workbook,"HC-Workbook Explosive % (Yards > 12, nur Pass)","Nenner: nur Pass-Attempts (Comps+Incs+Sacks), wie im HC-Workbook.",262,51,0.1946564885496183,0.1485044719421219,0.2478629328141077,false,0.19379159336036106
QB,QB-03,explosive_epa_magnitude,Explosiveness (EPA-Magnitude auf Erfolgen),Nenner: alle Scrimmage-Plays (Lauf + Pass).,262,28,0.10687022900763359,0.07219849356710896,0.15074451647674728,false,0.1069047977705807
QB,QB-03,success_rate_epa,Success Rate (EPA > 0),Nenner: alle Scrimmage-Plays (Lauf + Pass).,262,138,0.5267175572519084,0.46434557980333346,0.5884783715328638,false,0.5268038713564811
QB,QB-04,baseline_hc_verbal,"HC mündliche Regel (Yards > 12 oder EPA > 0, nur Pass)","Nenner: nur Pass-Attempts, wie im HC-Workbook (mündliche Regel).",241,135,0.5601659751037344,0.4950106493082261,0.6238229929412692,false,0.5593076329273284
QB,QB-04,baseline_hc_workbook,"HC-Workbook Explosive % (Yards > 12, nur Pass)","Nenner: nur Pass-Attempts (Comps+Incs+Sacks), wie im HC-Workbook.",241,48,0.1991701244813278,0.15065628780622986,0.25524812707141054,false,0.1980530414104311
QB,QB-04,explosive_epa_magnitude,Explosiveness (EPA-Magnitude auf Erfolgen),Nenner: alle Scrimmage-Plays (Lauf + Pass).,241,31,0.12863070539419086,0.08909842207652742,0.17758807785903596,false,0.12780121511393608
QB,QB-04,success_rate_epa,Success Rate (EPA > 0),Nenner: alle Scrimmage-Plays (Lauf + Pass).,241,130,0.5394190871369294,0.4742626823780413,0.6035940062647861,false,0.5390065856930791
QB,QB-05,baseline_hc_verbal,"HC mündliche Regel (Yards > 12 oder EPA > 0, nur Pass)","Nenner: nur Pass-Attempts, wie im HC-Workbook (mündliche Regel).",216,106,0.49074074074074076,0.4222897810054044,0.5594492959267096,false,0.49285936223344884
QB,QB-05,baseline_hc_workbook,"HC-Workbook Explosive % (Yards > 12, nur Pass)","Nenner: nur Pass-Attempts (Comps+Incs+Sacks), wie im HC-Workbook.",216,21,0.09722222222222222,0.06119451837553979,0.1447715218236796,false,0.10049253714167347
QB,QB-05,explosive_epa_magnitude,Explosiveness (EPA-Magnitude auf Erfolgen),Nenner: alle Scrimmage-Plays (Lauf + Pass).,218,17,0.0779816513761468,0.04608208388421254,0.12192122966868905,false,0.07928993418244715
QB,QB-05,success_rate_epa,Success Rate (EPA > 0),Nenner: alle Scrimmage-Plays (Lauf + Pass).,218,106,0.48623853211009177,0.41818412381482706,0.5546722296910807,false,0.4881168991621178
QB,QB-06,baseline_hc_verbal,"HC mündliche Regel (Yards > 12 oder EPA > 0, nur Pass)","Nenner: nur Pass-Attempts, wie im HC-Workbook (mündliche Regel).",212,109,0.5141509433962265,0.44472785843100315,0.5831728055223645,false,0.5152532246160335
QB,QB-06,baseline_hc_workbook,"HC-Workbook Explosive % (Yards > 12, nur Pass)","Nenner: nur Pass-Attempts (Comps+Incs+Sacks), wie im HC-Workbook.",212,41,0.19339622641509435,0.14250422593212317,0.2530782303631448,false,0.19239330357665857
QB,QB-06,explosive_epa_magnitude,Explosiveness (EPA-Magnitude auf Erfolgen),Nenner: alle Scrimmage-Plays (Lauf + Pass).,212,17,0.08018867924528301,0.047405967765063166,0.1252861216468187,false,0.08143290537656735
QB,QB-06,success_rate_epa,Success Rate (EPA > 0),Nenner: alle Scrimmage-Plays (Lauf + Pass).,212,102,0.4811320754716981,0.41219781819325424,0.5506013035951978,false,0.48329122977010297
QB,QB-07,baseline_hc_verbal,"HC mündliche Regel (Yards > 12 oder EPA > 0, nur Pass)","Nenner: nur Pass-Attempts, wie im HC-Workbook (mündliche Regel).",189,104,0.5502645502645502,0.47638620326034975,0.6225413148713083,false,0.5496794767073339
QB,QB-07,baseline_hc_workbook,"HC-Workbook Explosive % (Yards > 12, nur Pass)","Nenner: nur Pass-Attempts (Comps+Incs+Sacks), wie im HC-Workbook.",189,31,0.164021164021164,0.11424775486352928,0.22466239876389202,false,0.16437845926642314
QB,QB-07,explosive_epa_magnitude,Explosiveness (EPA-Magnitude auf Erfolgen),Nenner: alle Scrimmage-Plays (Lauf + Pass).,189,10,0.05291005291005291,0.025660809270629508,0.09514900200629432,false,0.055668869314562566
QB,QB-07,success_rate_epa,Success Rate (EPA > 0),Nenner: alle Scrimmage-Plays (Lauf + Pass).,189,103,0.544973544973545,0.4711083072239585,0.6174058530836023,false,0.5441741357234314
QB,QB-08,baseline_hc_verbal,"HC mündliche Regel (Yards > 12 oder EPA > 0, nur Pass)","Nenner: nur Pass-Attempts, wie im HC-Workbook (mündliche Regel).",179,95,0.5307262569832403,0.45484287402861723,0.6055752331189407,false,0.5311439992844414
QB,QB-08,baseline_hc_workbook,"HC-Workbook Explosive % (Yards > 12, nur Pass)","Nenner: nur Pass-Attempts (Comps+Incs+Sacks), wie im HC-Workbook.",179,21,0.11731843575418995,0.07410812780056844,0.1737296236868162,false,0.12016567933342966
QB,QB-08,explosive_epa_magnitude,Explosiveness (EPA-Magnitude auf Erfolgen),Nenner: alle Scrimmage-Plays (Lauf + Pass).,179,12,0.0670391061452514,0.0351172029733744,0.11417518133123697,false,0.06919632271744948
QB,QB-08,success_rate_epa,Success Rate (EPA > 0),Nenner: alle Scrimmage-Plays (Lauf + Pass).,179,94,0.5251396648044693,0.44930517419498184,0.6001278467589053,false,0.5253473704177929
QB,QB-09,baseline_hc_verbal,"HC mündliche Regel (Yards > 12 oder EPA > 0, nur Pass)","Nenner: nur Pass-Attempts, wie im HC-Workbook (mündliche Regel).",172,73,0.42441860465116277,0.34953221068764273,0.5019557781772049,false,0.4306934937624145
QB,QB-09,baseline_hc_workbook,"HC-Workbook Explosive % (Yards > 12, nur Pass)","Nenner: nur Pass-Attempts (Comps+Incs+Sacks), wie im HC-Workbook.",172,9,0.05232558139534884,0.024202655979590513,0.09700398477786203,false,0.05885337029680333
QB,QB-09,explosive_epa_magnitude,Explosiveness (EPA-Magnitude auf Erfolgen),Nenner: alle Scrimmage-Plays (Lauf + Pass).,172,7,0.040697674418604654,0.016516691159481935,0.08205253325703997,false,0.04438519227251621
QB,QB-09,success_rate_epa,Success Rate (EPA > 0),Nenner: alle Scrimmage-Plays (Lauf + Pass).,172,73,0.42441860465116277,0.34953221068764273,0.5019557781772049,false,0.4301684231261696
QB,QB-10,baseline_hc_verbal,"HC mündliche Regel (Yards > 12 oder EPA > 0, nur Pass)","Nenner: nur Pass-Attempts, wie im HC-Workbook (mündliche Regel).",171,113,0.6608187134502924,0.5846114599028842,0.7313405646483181,false,0.6540674909655217
QB,QB-10,baseline_hc_workbook,"HC-Workbook Explosive % (Yards > 12, nur Pass)","Nenner: nur Pass-Attempts (Comps+Incs+Sacks), wie im HC-Workbook.",171,22,0.1286549707602339,0.08241464073612988,0.18828447329873735,false,0.13100173145866412
QB,QB-10,explosive_epa_magnitude,Explosiveness (EPA-Magnitude auf Erfolgen),Nenner: alle Scrimmage-Plays (Lauf + Pass).,172,20,0.11627906976744186,0.07249175046057059,0.17385924809430886,false,0.11581376370108763
QB,QB-10,success_rate_epa,Success Rate (EPA > 0),Nenner: alle Scrimmage-Plays (Lauf + Pass).,172,113,0.6569767441860465,0.5808835049325991,0.7275539123507471,false,0.6499486429063893
QB,QB-11,baseline_hc_verbal,"HC mündliche Regel (Yards > 12 oder EPA > 0, nur Pass)","Nenner: nur Pass-Attempts, wie im HC-Workbook (mündliche Regel).",159,92,0.5786163522012578,0.4978578317673317,0.656388536414055,false,0.576249798016328
QB,QB-11,baseline_hc_workbook,"HC-Workbook Explosive % (Yards > 12, nur Pass)","Nenner: nur Pass-Attempts (Comps+Incs+Sacks), wie im HC-Workbook.",159,22,0.13836477987421383,0.08878786835173809,0.2019609937824382,false,0.14030362955040357
QB,QB-11,explosive_epa_magnitude,Explosiveness (EPA-Magnitude auf Erfolgen),Nenner: alle Scrimmage-Plays (Lauf + Pass).,159,17,0.1069182389937107,0.0635294539693843,0.1656621285447829,false,0.10697103546507664
QB,QB-11,success_rate_epa,Success Rate (EPA > 0),Nenner: alle Scrimmage-Plays (Lauf + Pass).,159,91,0.5723270440251572,0.49154117898909083,0.6503657387395099,false,0.5697671775678276
QB,QB-12,baseline_hc_verbal,"HC mündliche Regel (Yards > 12 oder EPA > 0, nur Pass)","Nenner: nur Pass-Attempts, wie im HC-Workbook (mündliche Regel).",145,96,0.6620689655172414,0.5789113655178882,0.7384512965347413,false,0.6541046184823189
QB,QB-12,baseline_hc_workbook,"HC-Workbook Explosive % (Yards > 12, nur Pass)","Nenner: nur Pass-Attempts (Comps+Incs+Sacks), wie im HC-Workbook.",145,38,0.2620689655172414,0.1926058287553204,0.34151809879665196,false,0.2562020218968917
QB,QB-12,explosive_epa_magnitude,Explosiveness (EPA-Magnitude auf Erfolgen),Nenner: alle Scrimmage-Plays (Lauf + Pass).,145,22,0.15172413793103448,0.09759395092107963,0.22065385924043865,false,0.14889099995869645
QB,QB-12,success_rate_epa,Success Rate (EPA > 0),Nenner: alle Scrimmage-Plays (Lauf + Pass).,145,94,0.6482758620689655,0.5646879727988019,0.7256681693114236,false,0.640584858122341
QB,QB-13,baseline_hc_verbal,"HC mündliche Regel (Yards > 12 oder EPA > 0, nur Pass)","Nenner: nur Pass-Attempts, wie im HC-Workbook (mündliche Regel).",131,71,0.5419847328244275,0.4527426029278781,0.6292863148260445,false,0.5417462118068045
QB,QB-13,baseline_hc_workbook,"HC-Workbook Explosive % (Yards > 12, nur Pass)","Nenner: nur Pass-Attempts (Comps+Incs+Sacks), wie im HC-Workbook.",131,29,0.22137404580152673,0.15354877963579402,0.30221132834480574,false,0.21781073329090925
QB,QB-13,explosive_epa_magnitude,Explosiveness (EPA-Magnitude auf Erfolgen),Nenner: alle Scrimmage-Plays (Lauf + Pass).,131,20,0.15267175572519084,0.09582034426492543,0.22589537697909035,false,0.14949010633757412
QB,QB-13,success_rate_epa,Success Rate (EPA > 0),Nenner: alle Scrimmage-Plays (Lauf + Pass).,131,70,0.5343511450381679,0.44518729220298187,0.6219273743342163,false,0.5339762624749139
QB,QB-14,baseline_hc_verbal,"HC mündliche Regel (Yards > 12 oder EPA > 0, nur Pass)","Nenner: nur Pass-Attempts, wie im HC-Workbook (mündliche Regel).",122,76,0.6229508196721312,0.5307092432560433,0.7090745234804255,false,0.6165622413996927
QB,QB-14,baseline_hc_workbook,"HC-Workbook Explosive % (Yards > 12, nur Pass)","Nenner: nur Pass-Attempts (Comps+Incs+Sacks), wie im HC-Workbook.",122,30,0.2459016393442623,0.17246701605948503,0.3320670784076678,false,0.2402372226819561
QB,QB-14,explosive_epa_magnitude,Explosiveness (EPA-Magnitude auf Erfolgen),Nenner: alle Scrimmage-Plays (Lauf + Pass).,122,23,0.1885245901639344,0.12342295660402124,0.26932745223319526,false,0.182409886315136
QB,QB-14,success_rate_epa,Success Rate (EPA > 0),Nenner: alle Scrimmage-Plays (Lauf + Pass).,122,75,0.6147540983606558,0.5223684818988802,0.7014310022102076,false,0.6082625227951732
QB,QB-15,baseline_hc_verbal,"HC mündliche Regel (Yards > 12 oder EPA > 0, nur Pass)","Nenner: nur Pass-Attempts, wie im HC-Workbook (mündliche Regel).",121,70,0.5785123966942148,0.48538866161493,0.6677007132530866,false,0.5754672966775529
QB,QB-15,baseline_hc_workbook,"HC-Workbook Explosive % (Yards > 12, nur Pass)","Nenner: nur Pass-Attempts (Comps+Incs+Sacks), wie im HC-Workbook.",121,25,0.2066115702479339,0.13839536776115324,0.28970842678127945,false,0.2039031556795283
QB,QB-15,explosive_epa_magnitude,Explosiveness (EPA-Magnitude auf Erfolgen),Nenner: alle Scrimmage-Plays (Lauf + Pass).,121,16,0.1322314049586777,0.07750978945476551,0.205838224279784,false,0.1303672136915874
QB,QB-15,success_rate_epa,Success Rate (EPA > 0),Nenner: alle Scrimmage-Plays (Lauf + Pass).,121,70,0.5785123966942148,0.48538866161493,0.6677007132530866,false,0.5747378092287242
QB,QB-16,baseline_hc_verbal,"HC mündliche Regel (Yards > 12 oder EPA > 0, nur Pass)","Nenner: nur Pass-Attempts, wie im HC-Workbook (mündliche Regel).",107,64,0.5981308411214953,0.4989200830889026,0.6917664574063676,false,0.593044580040679
QB,QB-16,baseline_hc_workbook,"HC-Workbook Explosive % (Yards > 12, nur Pass)","Nenner: nur Pass-Attempts (Comps+Incs+Sacks), wie im HC-Workbook.",107,16,0.14953271028037382,0.08795466502268867,0.23144540528174856,false,0.15137874695742057
QB,QB-16,explosive_epa_magnitude,Explosiveness (EPA-Magnitude auf Erfolgen),Nenner: alle Scrimmage-Plays (Lauf + Pass).,114,7,0.06140350877192982,0.02504131967476312,0.12242691621974605,false,0.0651460080128867
QB,QB-16,success_rate_epa,Success Rate (EPA > 0),Nenner: alle Scrimmage-Plays (Lauf + Pass).,114,67,0.5877192982456141,0.49168378022758263,0.6790828285423194,false,0.5829891371690553
QB,QB-17,baseline_hc_verbal,"HC mündliche Regel (Yards > 12 oder EPA > 0, nur Pass)","Nenner: nur Pass-Attempts, wie im HC-Workbook (mündliche Regel).",91,47,0.5164835164835165,0.4092884436799959,0.6225760234396935,false,0.5186754046015785
QB,QB-17,baseline_hc_workbook,"HC-Workbook Explosive % (Yards > 12, nur Pass)","Nenner: nur Pass-Attempts (Comps+Incs+Sacks), wie im HC-Workbook.",91,12,0.13186813186813187,0.07003548832997956,0.21902015961883337,false,0.1357555781585961
QB,QB-17,explosive_epa_magnitude,Explosiveness (EPA-Magnitude auf Erfolgen),Nenner: alle Scrimmage-Plays (Lauf + Pass).,91,5,0.054945054945054944,0.01807892650697888,0.1235810773183875,false,0.06017925736235595
QB,QB-17,success_rate_epa,Success Rate (EPA > 0),Nenner: alle Scrimmage-Plays (Lauf + Pass).,91,47,0.5164835164835165,0.4092884436799959,0.6225760234396935,false,0.5177292377125037
QB,QB-18,baseline_hc_verbal,"HC mündliche Regel (Yards > 12 oder EPA > 0, nur Pass)","Nenner: nur Pass-Attempts, wie im HC-Workbook (mündliche Regel).",73,51,0.6986301369863014,0.5799884954022325,0.8005603901426165,false,0.6793519983705956
QB,QB-18,baseline_hc_workbook,"HC-Workbook Explosive % (Yards > 12, nur Pass)","Nenner: nur Pass-Attempts (Comps+Incs+Sacks), wie im HC-Workbook.",73,20,0.273972602739726,0.17605920216255494,0.39094136043787725,false,0.2615820890845567
QB,QB-18,explosive_epa_magnitude,Explosiveness (EPA-Magnitude auf Erfolgen),Nenner: alle Scrimmage-Plays (Lauf + Pass).,73,8,0.1095890410958904,0.048516423720928355,0.20456432084860623,false,0.10937475895901146
QB,QB-18,success_rate_epa,Success Rate (EPA > 0),Nenner: alle Scrimmage-Plays (Lauf + Pass).,73,49,0.6712328767123288,0.5513400135625429,0.7767432369296846,false,0.6541042531200346
QB,QB-19,baseline_hc_verbal,"HC mündliche Regel (Yards > 12 oder EPA > 0, nur Pass)","Nenner: nur Pass-Attempts, wie im HC-Workbook (mündliche Regel).",71,45,0.6338028169014085,0.5110236686245118,0.7450423485401697,false,0.6220520477130793
QB,QB-19,baseline_hc_workbook,"HC-Workbook Explosive % (Yards > 12, nur Pass)","Nenner: nur Pass-Attempts (Comps+Incs+Sacks), wie im HC-Workbook.",71,25,0.352112676056338,0.24241226844247696,0.47457504042072385,false,0.32976930116071856
QB,QB-19,explosive_epa_magnitude,Explosiveness (EPA-Magnitude auf Erfolgen),Nenner: alle Scrimmage-Plays (Lauf + Pass).,71,8,0.11267605633802817,0.04991967023273576,0.21000049366540494,false,0.11207537029133272
QB,QB-19,success_rate_epa,Success Rate (EPA > 0),Nenner: alle Scrimmage-Plays (Lauf + Pass).,71,44,0.6197183098591549,0.49672070003439633,0.7323964405063436,false,0.6085265803575663
QB,QB-20,baseline_hc_verbal,"HC mündliche Regel (Yards > 12 oder EPA > 0, nur Pass)","Nenner: nur Pass-Attempts, wie im HC-Workbook (mündliche Regel).",70,22,0.3142857142857143,0.2085297904317628,0.4363329704771081,false,0.34232769830949283
QB,QB-20,baseline_hc_workbook,"HC-Workbook Explosive % (Yards > 12, nur Pass)","Nenner: nur Pass-Attempts (Comps+Incs+Sacks), wie im HC-Workbook.",70,10,0.14285714285714285,0.07069045426686983,0.2470682477503655,false,0.14639141742522757
QB,QB-20,explosive_epa_magnitude,Explosiveness (EPA-Magnitude auf Erfolgen),Nenner: alle Scrimmage-Plays (Lauf + Pass).,70,6,0.08571428571428572,0.03210763615568735,0.1772859190971919,false,0.08847631241997439
QB,QB-20,success_rate_epa,Success Rate (EPA > 0),Nenner: alle Scrimmage-Plays (Lauf + Pass).,70,19,0.2714285714285714,0.17199116379941853,0.3909797877058161,false,0.3036331626120358
QB,QB-21,baseline_hc_verbal,"HC mündliche Regel (Yards > 12 oder EPA > 0, nur Pass)","Nenner: nur Pass-Attempts, wie im HC-Workbook (mündliche Regel).",44,22,0.5,0.3456115734972205,0.6543884265027795,false,0.5071521456436932
QB,QB-21,baseline_hc_workbook,"HC-Workbook Explosive % (Yards > 12, nur Pass)","Nenner: nur Pass-Attempts (Comps+Incs+Sacks), wie im HC-Workbook.",44,13,0.29545454545454547,0.16764398122867644,0.45202184808407087,false,0.27243172951885564
QB,QB-21,explosive_epa_magnitude,Explosiveness (EPA-Magnitude auf Erfolgen),Nenner: alle Scrimmage-Plays (Lauf + Pass).,44,4,0.09090909090909091,0.02532842170345076,0.21668658946527458,false,0.09403898136292502
QB,QB-21,success_rate_epa,Success Rate (EPA > 0),Nenner: alle Scrimmage-Plays (Lauf + Pass).,44,20,0.45454545454545453,0.3039071135160094,0.6115278775265933,false,0.46834542609190494
QB,QB-22,baseline_hc_verbal,"HC mündliche Regel (Yards > 12 oder EPA > 0, nur Pass)","Nenner: nur Pass-Attempts, wie im HC-Workbook (mündliche Regel).",43,18,0.4186046511627907,0.2701141227044658,0.5787304034792485,false,0.44124935593885717
QB,QB-22,baseline_hc_workbook,"HC-Workbook Explosive % (Yards > 12, nur Pass)","Nenner: nur Pass-Attempts (Comps+Incs+Sacks), wie im HC-Workbook.",43,7,0.16279069767441862,0.06805209446153535,0.3070108723649098,false,0.16436440366072086
QB,QB-22,explosive_epa_magnitude,Explosiveness (EPA-Magnitude auf Erfolgen),Nenner: alle Scrimmage-Plays (Lauf + Pass).,43,8,0.18604651162790697,0.08391239977559341,0.3340144672424184,false,0.17128499987920662
QB,QB-22,success_rate_epa,Success Rate (EPA > 0),Nenner: alle Scrimmage-Plays (Lauf + Pass).,43,18,0.4186046511627907,0.2701141227044658,0.5787304034792485,false,0.4394462831879786
QB,QB-23,baseline_hc_verbal,"HC mündliche Regel (Yards > 12 oder EPA > 0, nur Pass)","Nenner: nur Pass-Attempts, wie im HC-Workbook (mündliche Regel).",42,34,0.8095238095238095,0.6588155863958434,0.9139944055440679,false,0.7574272281684505
QB,QB-23,baseline_hc_workbook,"HC-Workbook Explosive % (Yards > 12, nur Pass)","Nenner: nur Pass-Attempts (Comps+Incs+Sacks), wie im HC-Workbook.",42,5,0.11904761904761904,0.03980552894262608,0.2563166776063708,false,0.12906371911573472
QB,QB-23,explosive_epa_magnitude,Explosiveness (EPA-Magnitude auf Erfolgen),Nenner: alle Scrimmage-Plays (Lauf + Pass).,42,10,0.23809523809523808,0.12051618649217988,0.3945024290215758,false,0.21304048064611442
QB,QB-23,success_rate_epa,Success Rate (EPA > 0),Nenner: alle Scrimmage-Plays (Lauf + Pass).,42,34,0.8095238095238095,0.6588155863958434,0.9139944055440679,false,0.7555894809415936
QB,QB-24,baseline_hc_verbal,"HC mündliche Regel (Yards > 12 oder EPA > 0, nur Pass)","Nenner: nur Pass-Attempts, wie im HC-Workbook (mündliche Regel).",32,18,0.5625,0.3766257315900935,0.7363618755890152,false,0.5568146634466531
QB,QB-24,baseline_hc_workbook,"HC-Workbook Explosive % (Yards > 12, nur Pass)","Nenner: nur Pass-Attempts (Comps+Incs+Sacks), wie im HC-Workbook.",32,8,0.25,0.11461600510260381,0.43404937492227846,false,0.23122174747662394
QB,QB-24,explosive_epa_magnitude,Explosiveness (EPA-Magnitude auf Erfolgen),Nenner: alle Scrimmage-Plays (Lauf + Pass).,32,9,0.28125,0.13745690329550092,0.4674710996429345,false,0.2399548807999512
QB,QB-24,success_rate_epa,Success Rate (EPA > 0),Nenner: alle Scrimmage-Plays (Lauf + Pass).,32,18,0.5625,0.3766257315900935,0.7363618755890152,false,0.5545393573562587
QB,QB-25,baseline_hc_verbal,"HC mündliche Regel (Yards > 12 oder EPA > 0, nur Pass)","Nenner: nur Pass-Attempts, wie im HC-Workbook (mündliche Regel).",29,14,0.4827586206896552,0.2944855829517784,0.6746850036389438,false,0.4970824580707546
QB,QB-25,baseline_hc_workbook,"HC-Workbook Explosive % (Yards > 12, nur Pass)","Nenner: nur Pass-Attempts (Comps+Incs+Sacks), wie im HC-Workbook.",29,4,0.13793103448275862,0.03889483129592733,0.31664060943913774,false,0.146443933179954
QB,QB-25,explosive_epa_magnitude,Explosiveness (EPA-Magnitude auf Erfolgen),Nenner: alle Scrimmage-Plays (Lauf + Pass).,39,8,0.20512820512820512,0.09296392728299556,0.36464424069512036,false,0.18526744884893775
QB,QB-25,success_rate_epa,Success Rate (EPA > 0),Nenner: alle Scrimmage-Plays (Lauf + Pass).,39,20,0.5128205128205128,0.34780220935733,0.6758192190348113,false,0.5161357756931197
QB,QB-26,baseline_hc_verbal,"HC mündliche Regel (Yards > 12 oder EPA > 0, nur Pass)","Nenner: nur Pass-Attempts, wie im HC-Workbook (mündliche Regel).",27,14,0.5185185185185185,0.3194965461331649,0.7133274518680081,false,0.5239517801286332
QB,QB-26,baseline_hc_workbook,"HC-Workbook Explosive % (Yards > 12, nur Pass)","Nenner: nur Pass-Attempts (Comps+Incs+Sacks), wie im HC-Workbook.",27,7,0.25925925925925924,0.11114456284541839,0.4628487422761716,false,0.2354409025410326
QB,QB-26,explosive_epa_magnitude,Explosiveness (EPA-Magnitude auf Erfolgen),Nenner: alle Scrimmage-Plays (Lauf + Pass).,27,10,0.37037037037037035,0.19400715871513385,0.5763204274957037,false,0.29940824307021485
QB,QB-26,success_rate_epa,Success Rate (EPA > 0),Nenner: alle Scrimmage-Plays (Lauf + Pass).,27,14,0.5185185185185185,0.3194965461331649,0.7133274518680081,false,0.5213690002422396
QB,QB-27,baseline_hc_verbal,"HC mündliche Regel (Yards > 12 oder EPA > 0, nur Pass)","Nenner: nur Pass-Attempts, wie im HC-Workbook (mündliche Regel).",26,11,0.4230769230769231,0.23352198312744346,0.630819619076034,false,0.45517266290998415
QB,QB-27,baseline_hc_workbook,"HC-Workbook Explosive % (Yards > 12, nur Pass)","Nenner: nur Pass-Attempts (Comps+Incs+Sacks), wie im HC-Workbook.",26,5,0.19230769230769232,0.06554810873677529,0.39350552793932186,false,0.18642537205606124
QB,QB-27,explosive_epa_magnitude,Explosiveness (EPA-Magnitude auf Erfolgen),Nenner: alle Scrimmage-Plays (Lauf + Pass).,26,10,0.38461538461538464,0.2022602436550194,0.5942924647014073,false,0.30772513871105417
QB,QB-27,success_rate_epa,Success Rate (EPA > 0),Nenner: alle Scrimmage-Plays (Lauf + Pass).,26,11,0.4230769230769231,0.23352198312744346,0.630819619076034,false,0.45251813913785743
QB,QB-28,baseline_hc_verbal,"HC mündliche Regel (Yards > 12 oder EPA > 0, nur Pass)","Nenner: nur Pass-Attempts, wie im HC-Workbook (mündliche Regel).",22,9,0.4090909090909091,0.2070931229971492,0.6364530382702687,false,0.44956924577373214
QB,QB-28,baseline_hc_workbook,"HC-Workbook Explosive % (Yards > 12, nur Pass)","Nenner: nur Pass-Attempts (Comps+Incs+Sacks), wie im HC-Workbook.",22,5,0.22727272727272727,0.07820626035189253,0.4537036236621423,false,0.20972854356306891
QB,QB-28,explosive_epa_magnitude,Explosiveness (EPA-Magnitude auf Erfolgen),Nenner: alle Scrimmage-Plays (Lauf + Pass).,22,5,0.22727272727272727,0.07820626035189253,0.4537036236621423,false,0.18994078104993598
QB,QB-28,success_rate_epa,Success Rate (EPA > 0),Nenner: alle Scrimmage-Plays (Lauf + Pass).,22,9,0.4090909090909091,0.2070931229971492,0.6364530382702687,false,0.4465829065300896
QB,QB-29,baseline_hc_verbal,"HC mündliche Regel (Yards > 12 oder EPA > 0, nur Pass)","Nenner: nur Pass-Attempts, wie im HC-Workbook (mündliche Regel).",21,2,0.09523809523809523,0.011749317884450342,0.3037744069139112,false,0.23826502789546544
QB,QB-29,baseline_hc_workbook,"HC-Workbook Explosive % (Yards > 12, nur Pass)","Nenner: nur Pass-Attempts (Comps+Incs+Sacks), wie im HC-Workbook.",21,1,0.047619047619047616,0.0012048834483706452,0.23815990993682104,false,0.08746172238768404
QB,QB-29,explosive_epa_magnitude,Explosiveness (EPA-Magnitude auf Erfolgen),Nenner: alle Scrimmage-Plays (Lauf + Pass).,21,1,0.047619047619047616,0.0012048834483706452,0.23815990993682104,false,0.06703564495477261
QB,QB-29,success_rate_epa,Success Rate (EPA > 0),Nenner: alle Scrimmage-Plays (Lauf + Pass).,21,2,0.09523809523809523,0.011749317884450342,0.3037744069139112,false,0.23518235512783445
QB,QB-30,baseline_hc_verbal,"HC mündliche Regel (Yards > 12 oder EPA > 0, nur Pass)","Nenner: nur Pass-Attempts, wie im HC-Workbook (mündliche Regel).",19,0,0.0,0.0,0.17646691180717206,false,0.18573158154342856
QB,QB-30,baseline_hc_workbook,"HC-Workbook Explosive % (Yards > 12, nur Pass)","Nenner: nur Pass-Attempts (Comps+Incs+Sacks), wie im HC-Workbook.",19,0,0.0,0.0,0.17646691180717206,false,0.05901080669028295
QB,QB-30,explosive_epa_magnitude,Explosiveness (EPA-Magnitude auf Erfolgen),Nenner: alle Scrimmage-Plays (Lauf + Pass).,22,0,0.0,0.0,0.1543725128155746,false,0.033690781049935975
QB,QB-30,success_rate_epa,Success Rate (EPA > 0),Nenner: alle Scrimmage-Plays (Lauf + Pass).,22,1,0.045454545454545456,0.001150147526581684,0.22844439766763597,false,0.1965829065300896
QB,QB-31,baseline_hc_verbal,"HC mündliche Regel (Yards > 12 oder EPA > 0, nur Pass)","Nenner: nur Pass-Attempts, wie im HC-Workbook (mündliche Regel).",18,5,0.2777777777777778,0.09694921252553068,0.534801965583062,false,0.3709362808842653
QB,QB-31,baseline_hc_workbook,"HC-Workbook Explosive % (Yards > 12, nur Pass)","Nenner: nur Pass-Attempts (Comps+Incs+Sacks), wie im HC-Workbook.",18,1,0.05555555555555555,0.0014055561673740594,0.2729435996732089,false,0.0968326212149359
QB,QB-31,explosive_epa_magnitude,Explosiveness (EPA-Magnitude auf Erfolgen),Nenner: alle Scrimmage-Plays (Lauf + Pass).,19,1,0.05263157894736842,0.0013316288041848219,0.2602806541952142,false,0.07165879288268798
QB,QB-31,success_rate_epa,Success Rate (EPA > 0),Nenner: alle Scrimmage-Plays (Lauf + Pass).,19,5,0.2631578947368421,0.0914657849072035,0.5120293453458727,false,0.3548501037573402
QB,QB-32,baseline_hc_verbal,"HC mündliche Regel (Yards > 12 oder EPA > 0, nur Pass)","Nenner: nur Pass-Attempts, wie im HC-Workbook (mündliche Regel).",18,2,0.1111111111111111,0.01375121566436453,0.34712043860903735,false,0.2637934237414082
QB,QB-32,baseline_hc_workbook,"HC-Workbook Explosive % (Yards > 12, nur Pass)","Nenner: nur Pass-Attempts (Comps+Incs+Sacks), wie im HC-Workbook.",18,2,0.1111111111111111,0.01375121566436453,0.34712043860903735,false,0.1325469069292216
QB,QB-32,explosive_epa_magnitude,Explosiveness (EPA-Magnitude auf Erfolgen),Nenner: alle Scrimmage-Plays (Lauf + Pass).,24,2,0.08333333333333333,0.010256341281364737,0.2699728015576036,false,0.09053249981170444
QB,QB-32,success_rate_epa,Success Rate (EPA > 0),Nenner: alle Scrimmage-Plays (Lauf + Pass).,24,6,0.25,0.0977304094745333,0.46711280242266945,false,0.3320780296753784
QB,QB-33,baseline_hc_verbal,"HC mündliche Regel (Yards > 12 oder EPA > 0, nur Pass)","Nenner: nur Pass-Attempts, wie im HC-Workbook (mündliche Regel).",17,9,0.5294117647058824,0.27811830033110513,0.7701673127340251,false,0.5328228098059048
QB,QB-33,baseline_hc_workbook,"HC-Workbook Explosive % (Yards > 12, nur Pass)","Nenner: nur Pass-Attempts (Comps+Incs+Sacks), wie im HC-Workbook.",17,0,0.0,0.0,0.1950643229687386,false,0.06338197755622983
QB,QB-33,explosive_epa_magnitude,Explosiveness (EPA-Magnitude auf Erfolgen),Nenner: alle Scrimmage-Plays (Lauf + Pass).,17,1,0.058823529411764705,0.0014881743912705774,0.2868893966672221,false,0.07696685161473893
QB,QB-33,success_rate_epa,Success Rate (EPA > 0),Nenner: alle Scrimmage-Plays (Lauf + Pass).,17,9,0.5294117647058824,0.27811830033110513,0.7701673127340251,false,0.5292834447764024
QB,QB-34,baseline_hc_verbal,"HC mündliche Regel (Yards > 12 oder EPA > 0, nur Pass)","Nenner: nur Pass-Attempts, wie im HC-Workbook (mündliche Regel).",16,4,0.25,0.07266203825288221,0.5237708198961276,false,0.3610083024907472
QB,QB-34,baseline_hc_workbook,"HC-Workbook Explosive % (Yards > 12, nur Pass)","Nenner: nur Pass-Attempts (Comps+Incs+Sacks), wie im HC-Workbook.",16,1,0.0625,0.0015811117227692007,0.30232073843456103,false,0.10428128438531559
QB,QB-34,explosive_epa_magnitude,Explosiveness (EPA-Magnitude auf Erfolgen),Nenner: alle Scrimmage-Plays (Lauf + Pass).,17,1,0.058823529411764705,0.0014881743912705774,0.2868893966672221,false,0.07696685161473893
QB,QB-34,success_rate_epa,Success Rate (EPA > 0),Nenner: alle Scrimmage-Plays (Lauf + Pass).,17,5,0.29411764705882354,0.10313551437031993,0.5595827187543372,false,0.38113529662825435
QB,QB-35,baseline_hc_verbal,"HC mündliche Regel (Yards > 12 oder EPA > 0, nur Pass)","Nenner: nur Pass-Attempts, wie im HC-Workbook (mündliche Regel).",15,8,0.5333333333333333,0.2658613472773967,0.7873332704806848,false,0.5354486345903772
QB,QB-35,baseline_hc_workbook,"HC-Workbook Explosive % (Yards > 12, nur Pass)","Nenner: nur Pass-Attempts (Comps+Incs+Sacks), wie im HC-Workbook.",15,3,0.2,0.04331200510583602,0.48089113380685317,false,0.1884525357607282
QB,QB-35,explosive_epa_magnitude,Explosiveness (EPA-Magnitude auf Erfolgen),Nenner: alle Scrimmage-Plays (Lauf + Pass).,15,3,0.2,0.04331200510583602,0.48089113380685317,false,0.16312419974391804
QB,QB-35,success_rate_epa,Success Rate (EPA > 0),Nenner: alle Scrimmage-Plays (Lauf + Pass).,15,8,0.5333333333333333,0.2658613472773967,0.7873332704806848,false,0.5316261203585146
QB,QB-36,baseline_hc_verbal,"HC mündliche Regel (Yards > 12 oder EPA > 0, nur Pass)","Nenner: nur Pass-Attempts, wie im HC-Workbook (mündliche Regel).",15,8,0.5333333333333333,0.2658613472773967,0.7873332704806848,false,0.5354486345903772
QB,QB-36,baseline_hc_workbook,"HC-Workbook Explosive % (Yards > 12, nur Pass)","Nenner: nur Pass-Attempts (Comps+Incs+Sacks), wie im HC-Workbook.",15,6,0.4,0.16336432385951336,0.6771302337934105,false,0.30845253576072823
QB,QB-36,explosive_epa_magnitude,Explosiveness (EPA-Magnitude auf Erfolgen),Nenner: alle Scrimmage-Plays (Lauf + Pass).,15,6,0.4,0.16336432385951336,0.6771302337934105,false,0.28312419974391806
QB,QB-36,success_rate_epa,Success Rate (EPA > 0),Nenner: alle Scrimmage-Plays (Lauf + Pass).,15,8,0.5333333333333333,0.2658613472773967,0.7873332704806848,false,0.5316261203585146
QB,Sonstige (n<15),baseline_hc_verbal,"HC mündliche Regel (Yards > 12 oder EPA > 0, nur Pass)","Nenner: nur Pass-Attempts, wie im HC-Workbook (mündliche Regel).",102,42,0.4117647058823529,0.3152261399347793,0.5135646273880456,false,0.4230912130782092
QB,Sonstige (n<15),baseline_hc_workbook,"HC-Workbook Explosive % (Yards > 12, nur Pass)","Nenner: nur Pass-Attempts (Comps+Incs+Sacks), wie im HC-Workbook.",102,15,0.14705882352941177,0.08470810610526103,0.23092732315731068,false,0.14920815530373396
QB,Sonstige (n<15),explosive_epa_magnitude,Explosiveness (EPA-Magnitude auf Erfolgen),Nenner: alle Scrimmage-Plays (Lauf + Pass).,131,14,0.10687022900763359,0.059671592292311955,0.17280675212031413,false,0.10693691484821241
QB,Sonstige (n<15),success_rate_epa,Success Rate (EPA > 0),Nenner: alle Scrimmage-Plays (Lauf + Pass).,131,60,0.4580152671755725,0.37071368517395553,0.5472573970721218,false,0.4630542766593111
Receiver,Sonstige (n<15),baseline_hc_verbal,"HC mündliche Regel (Yards > 12 oder EPA > 0, nur Pass)","Nenner: nur Pass-Attempts, wie im HC-Workbook (mündliche Regel).",131,91,0.6946564885496184,0.6081947179887731,0.7720827397354981,false,0.6978529097444865
Receiver,Sonstige (n<15),baseline_hc_workbook,"HC-Workbook Explosive % (Yards > 12, nur Pass)","Nenner: nur Pass-Attempts (Comps+Incs+Sacks), wie im HC-Workbook.",131,28,0.21374045801526717,0.1469746337637267,0.2938852068020565,false,0.2165358905633564
Receiver,Sonstige (n<15),explosive_epa_magnitude,Explosiveness (EPA-Magnitude auf Erfolgen),Nenner: alle Scrimmage-Plays (Lauf + Pass).,168,17,0.10119047619047619,0.060060322193172394,0.15706877101800829,false,0.10279858094215497
Receiver,Sonstige (n<15),success_rate_epa,Success Rate (EPA > 0),Nenner: alle Scrimmage-Plays (Lauf + Pass).,168,113,0.6726190476190477,0.5960993819348237,0.7429226870437748,false,0.6756840335027038
Receiver,WR-01,baseline_hc_verbal,"HC mündliche Regel (Yards > 12 oder EPA > 0, nur Pass)","Nenner: nur Pass-Attempts, wie im HC-Workbook (mündliche Regel).",462,326,0.7056277056277056,0.6617623786542436,0.7468372915137781,false,0.7063501276990946
Receiver,WR-01,baseline_hc_workbook,"HC-Workbook Explosive % (Yards > 12, nur Pass)","Nenner: nur Pass-Attempts (Comps+Incs+Sacks), wie im HC-Workbook.",462,101,0.21861471861471862,0.181748811306441,0.25912682260076586,false,0.2193465266301552
Receiver,WR-01,explosive_epa_magnitude,Explosiveness (EPA-Magnitude auf Erfolgen),Nenner: alle Scrimmage-Plays (Lauf + Pass).,462,48,0.1038961038961039,0.07760308513544643,0.13538560984736359,false,0.10444522755869404
Receiver,WR-01,success_rate_epa,Success Rate (EPA > 0),Nenner: alle Scrimmage-Plays (Lauf + Pass).,462,325,0.7034632034632035,0.6595239612507001,0.7447748399834879,false,0.7039655889056806
Receiver,WR-02,baseline_hc_verbal,"HC mündliche Regel (Yards > 12 oder EPA > 0, nur Pass)","Nenner: nur Pass-Attempts, wie im HC-Workbook (mündliche Regel).",431,314,0.728538283062645,0.6839177263462579,0.7699893867161581,false,0.7287919734103687
Receiver,WR-02,baseline_hc_workbook,"HC-Workbook Explosive % (Yards > 12, nur Pass)","Nenner: nur Pass-Attempts (Comps+Incs+Sacks), wie im HC-Workbook.",431,115,0.2668213457076566,0.22562934477365237,0.31124775616687544,false,0.2665114752141344
Receiver,WR-02,explosive_epa_magnitude,Explosiveness (EPA-Magnitude auf Erfolgen),Nenner: alle Scrimmage-Plays (Lauf + Pass).,431,68,0.15777262180974477,0.12464778605690081,0.19567901928203468,false,0.1571386562532961
Receiver,WR-02,success_rate_epa,Success Rate (EPA > 0),Nenner: alle Scrimmage-Plays (Lauf + Pass).,431,312,0.7238979118329466,0.6790889251311631,0.7656023574372581,false,0.7239722402800028
Receiver,WR-03,baseline_hc_verbal,"HC mündliche Regel (Yards > 12 oder EPA > 0, nur Pass)","Nenner: nur Pass-Attempts, wie im HC-Workbook (mündliche Regel).",404,298,0.7376237623762376,0.6918451624105971,0.7798821718034044,false,0.7376745417245716
Receiver,WR-03,baseline_hc_workbook,"HC-Workbook Explosive % (Yards > 12, nur Pass)","Nenner: nur Pass-Attempts (Comps+Incs+Sacks), wie im HC-Workbook.",404,115,0.28465346534653463,0.24113176628684266,0.3313624954909109,false,0.28389265838027355
Receiver,WR-03,explosive_epa_magnitude,Explosiveness (EPA-Magnitude auf Erfolgen),Nenner: alle Scrimmage-Plays (Lauf + Pass).,404,63,0.15594059405940594,0.12195722552463528,0.19505915767571388,false,0.15530953480121637
Receiver,WR-03,success_rate_epa,Success Rate (EPA > 0),Nenner: alle Scrimmage-Plays (Lauf + Pass).,404,293,0.7252475247524752,0.6789353670851346,0.7682245497863747,false,0.7252941013610659
Receiver,WR-04,baseline_hc_verbal,"HC mündliche Regel (Yards > 12 oder EPA > 0, nur Pass)","Nenner: nur Pass-Attempts, wie im HC-Workbook (mündliche Regel).",377,275,0.7294429708222812,0.6815838905472644,0.7736573101894526,false,0.7297086828784822
Receiver,WR-04,baseline_hc_workbook,"HC-Workbook Explosive % (Yards > 12, nur Pass)","Nenner: nur Pass-Attempts (Comps+Incs+Sacks), wie im HC-Workbook.",377,87,0.23076923076923078,0.18917235399546292,0.27665131798376336,false,0.23134770172980168
Receiver,WR-04,explosive_epa_magnitude,Explosiveness (EPA-Magnitude auf Erfolgen),Nenner: alle Scrimmage-Plays (Lauf + Pass).,377,48,0.1273209549071618,0.09538865531300877,0.16524424056609366,false,0.12738539381835554
Receiver,WR-04,success_rate_epa,Success Rate (EPA > 0),Nenner: alle Scrimmage-Plays (Lauf + Pass).,377,271,0.7188328912466844,0.6705254708460086,0.763665607321923,false,0.7190484701898741
Receiver,WR-05,baseline_hc_verbal,"HC mündliche Regel (Yards > 12 oder EPA > 0, nur Pass)","Nenner: nur Pass-Attempts, wie im HC-Workbook (mündliche Regel).",363,284,0.7823691460055097,0.7363231780970861,0.8237409372552664,false,0.7812258988578354
Receiver,WR-05,baseline_hc_workbook,"HC-Workbook Explosive % (Yards > 12, nur Pass)","Nenner: nur Pass-Attempts (Comps+Incs+Sacks), wie im HC-Workbook.",363,108,0.2975206611570248,0.25093420653681026,0.3474459152315476,false,0.29633126158025
Receiver,WR-05,explosive_epa_magnitude,Explosiveness (EPA-Magnitude auf Erfolgen),Nenner: alle Scrimmage-Plays (Lauf + Pass).,363,47,0.12947658402203857,0.09670802741676107,0.16843371786784847,false,0.1294856498866048
Receiver,WR-05,success_rate_epa,Success Rate (EPA > 0),Nenner: alle Scrimmage-Plays (Lauf + Pass).,363,277,0.7630853994490359,0.7159199392852207,0.8059009773506003,false,0.7621226755053117
Receiver,WR-06,baseline_hc_verbal,"HC mündliche Regel (Yards > 12 oder EPA > 0, nur Pass)","Nenner: nur Pass-Attempts, wie im HC-Workbook (mündliche Regel).",363,259,0.7134986225895317,0.6639966299865218,0.7594787009567869,false,0.7142017701715083
Receiver,WR-06,baseline_hc_workbook,"HC-Workbook Explosive % (Yards > 12, nur Pass)","Nenner: nur Pass-Attempts (Comps+Incs+Sacks), wie im HC-Workbook.",363,101,0.27823691460055094,0.23273364606527566,0.32739961446823124,false,0.27756450554807843
Receiver,WR-06,explosive_epa_magnitude,Explosiveness (EPA-Magnitude auf Erfolgen),Nenner: alle Scrimmage-Plays (Lauf + Pass).,363,38,0.1046831955922865,0.07515132911249128,0.1408479479978669,false,0.10535696355952705
Receiver,WR-06,success_rate_epa,Success Rate (EPA > 0),Nenner: alle Scrimmage-Plays (Lauf + Pass).,363,250,0.6887052341597796,0.6382962206411043,0.7360039931883962,false,0.6897366165240785
Receiver,WR-07,baseline_hc_verbal,"HC mündliche Regel (Yards > 12 oder EPA > 0, nur Pass)","Nenner: nur Pass-Attempts, wie im HC-Workbook (mündliche Regel).",362,275,0.7596685082872928,0.7122478321803345,0.8027845686423567,false,0.7591324200913242
Receiver,WR-07,baseline_hc_workbook,"HC-Workbook Explosive % (Yards > 12, nur Pass)","Nenner: nur Pass-Attempts (Comps+Incs+Sacks), wie im HC-Workbook.",362,85,0.23480662983425415,0.1920853348404564,0.281925481449904,false,0.23529989400385284
Receiver,WR-07,explosive_epa_magnitude,Explosiveness (EPA-Magnitude auf Erfolgen),Nenner: alle Scrimmage-Plays (Lauf + Pass).,362,40,0.11049723756906077,0.08012349420201953,0.14741681749095809,false,0.11101652528952577
Receiver,WR-07,success_rate_epa,Success Rate (EPA > 0),Nenner: alle Scrimmage-Plays (Lauf + Pass).,362,272,0.7513812154696132,0.7035263552601557,0.795070661819833,false,0.7507305321598958
Receiver,WR-08,baseline_hc_verbal,"HC mündliche Regel (Yards > 12 oder EPA > 0, nur Pass)","Nenner: nur Pass-Attempts, wie im HC-Workbook (mündliche Regel).",360,251,0.6972222222222222,0.6468866931333254,0.7442787476321742,false,0.6983709737134395
Receiver,WR-08,baseline_hc_workbook,"HC-Workbook Explosive % (Yards > 12, nur Pass)","Nenner: nur Pass-Attempts (Comps+Incs+Sacks), wie im HC-Workbook.",360,86,0.2388888888888889,0.19575871604865044,0.28637235047218246,false,0.23927448802549528
Receiver,WR-08,explosive_epa_magnitude,Explosiveness (EPA-Magnitude auf Erfolgen),Nenner: alle Scrimmage-Plays (Lauf + Pass).,360,52,0.14444444444444443,0.10979638614504621,0.18506868978224375,false,0.14404904704784754
Receiver,WR-08,success_rate_epa,Success Rate (EPA > 0),Nenner: alle Scrimmage-Plays (Lauf + Pass).,360,246,0.6833333333333333,0.6325277209080861,0.7310922043265018,false,0.6845182647661656
Receiver,WR-09,baseline_hc_verbal,"HC mündliche Regel (Yards > 12 oder EPA > 0, nur Pass)","Nenner: nur Pass-Attempts, wie im HC-Workbook (mündliche Regel).",306,235,0.7679738562091504,0.7165694146993347,0.8141066127342477,false,0.7670799375758627
Receiver,WR-09,baseline_hc_workbook,"HC-Workbook Explosive % (Yards > 12, nur Pass)","Nenner: nur Pass-Attempts (Comps+Incs+Sacks), wie im HC-Workbook.",306,72,0.23529411764705882,0.1889002946023346,0.2868942815529547,false,0.23585936889061157
Receiver,WR-09,explosive_epa_magnitude,Explosiveness (EPA-Magnitude auf Erfolgen),Nenner: alle Scrimmage-Plays (Lauf + Pass).,307,33,0.10749185667752444,0.07515635448819129,0.1476386238499489,false,0.10819604860474318
Receiver,WR-09,success_rate_epa,Success Rate (EPA > 0),Nenner: alle Scrimmage-Plays (Lauf + Pass).,307,232,0.755700325732899,0.703671836662267,0.802718904459458,false,0.7548004983075118
Receiver,WR-10,baseline_hc_verbal,"HC mündliche Regel (Yards > 12 oder EPA > 0, nur Pass)","Nenner: nur Pass-Attempts, wie im HC-Workbook (mündliche Regel).",291,228,0.7835051546391752,0.7316926218557283,0.8294419256236185,false,0.7820506985846265
Receiver,WR-10,baseline_hc_workbook,"HC-Workbook Explosive % (Yards > 12, nur Pass)","Nenner: nur Pass-Attempts (Comps+Incs+Sacks), wie im HC-Workbook.",291,78,0.26804123711340205,0.2180250534651164,0.32285009076402277,false,0.26754671285526
Receiver,WR-10,explosive_epa_magnitude,Explosiveness (EPA-Magnitude auf Erfolgen),Nenner: alle Scrimmage-Plays (Lauf + Pass).,291,41,0.140893470790378,0.1030417056394238,0.1862472852103644,false,0.1405254066701116
Receiver,WR-10,success_rate_epa,Success Rate (EPA > 0),Nenner: alle Scrimmage-Plays (Lauf + Pass).,291,223,0.7663230240549829,0.7134042627371353,0.8137285831013491,false,0.7650224517059179
Receiver,WR-11,baseline_hc_verbal,"HC mündliche Regel (Yards > 12 oder EPA > 0, nur Pass)","Nenner: nur Pass-Attempts, wie im HC-Workbook (mündliche Regel).",246,164,0.6666666666666666,0.6039828381725444,0.7252769852608719,false,0.6695205479452054
Receiver,WR-11,baseline_hc_workbook,"HC-Workbook Explosive % (Yards > 12, nur Pass)","Nenner: nur Pass-Attempts (Comps+Incs+Sacks), wie im HC-Workbook.",246,65,0.26422764227642276,0.210238832637733,0.3239955663018723,false,0.26379515847434865
Receiver,WR-11,explosive_epa_magnitude,Explosiveness (EPA-Magnitude auf Erfolgen),Nenner: alle Scrimmage-Plays (Lauf + Pass).,247,37,0.14979757085020243,0.1077159694892895,0.20051616040104983,false,0.14902002882374937
Receiver,WR-11,success_rate_epa,Success Rate (EPA > 0),Nenner: alle Scrimmage-Plays (Lauf + Pass).,247,163,0.659919028340081,0.5971641127023238,0.7187822123285966,false,0.6625360232042072
Receiver,WR-12,baseline_hc_verbal,"HC mündliche Regel (Yards > 12 oder EPA > 0, nur Pass)","Nenner: nur Pass-Attempts, wie im HC-Workbook (mündliche Regel).",237,163,0.6877637130801688,0.6245711561187948,0.7461866928740749,false,0.6898674505019133
Receiver,WR-12,baseline_hc_workbook,"HC-Workbook Explosive % (Yards > 12, nur Pass)","Nenner: nur Pass-Attempts (Comps+Incs+Sacks), wie im HC-Workbook.",237,49,0.20675105485232068,0.15704501326286008,0.26395230646598217,false,0.208629799876248
Receiver,WR-12,explosive_epa_magnitude,Explosiveness (EPA-Magnitude auf Erfolgen),Nenner: alle Scrimmage-Plays (Lauf + Pass).,237,30,0.12658227848101267,0.08705921945319307,0.1757497760125157,false,0.12671314739960965
Receiver,WR-12,success_rate_epa,Success Rate (EPA > 0),Nenner: alle Scrimmage-Plays (Lauf + Pass).,237,162,0.6835443037974683,0.6201932305643377,0.7422337101505677,false,0.685310760985754
Receiver,WR-13,baseline_hc_verbal,"HC mündliche Regel (Yards > 12 oder EPA > 0, nur Pass)","Nenner: nur Pass-Attempts, wie im HC-Workbook (mündliche Regel).",196,151,0.7704081632653061,0.7051132014257152,0.8273328301084559,false,0.7689187391940417
Receiver,WR-13,baseline_hc_workbook,"HC-Workbook Explosive % (Yards > 12, nur Pass)","Nenner: nur Pass-Attempts (Comps+Incs+Sacks), wie im HC-Workbook.",196,56,0.2857142857142857,0.2236035406273334,0.3544346706085772,false,0.2841337891720061
Receiver,WR-13,explosive_epa_magnitude,Explosiveness (EPA-Magnitude auf Erfolgen),Nenner: alle Scrimmage-Plays (Lauf + Pass).,196,40,0.20408163265306123,0.1499827584795779,0.2673607577764276,false,0.20047644372671644
Receiver,WR-13,success_rate_epa,Success Rate (EPA > 0),Nenner: alle Scrimmage-Plays (Lauf + Pass).,196,150,0.7653061224489796,0.6996448989083444,0.8227581823277089,false,0.7634551357450546
Receiver,WR-14,baseline_hc_verbal,"HC mündliche Regel (Yards > 12 oder EPA > 0, nur Pass)","Nenner: nur Pass-Attempts, wie im HC-Workbook (mündliche Regel).",195,141,0.7230769230769231,0.654621425270839,0.7846125697888329,false,0.7238890745071834
Receiver,WR-14,baseline_hc_workbook,"HC-Workbook Explosive % (Yards > 12, nur Pass)","Nenner: nur Pass-Attempts (Comps+Incs+Sacks), wie im HC-Workbook.",195,49,0.2512820512820513,0.19205039288001766,0.31824075934560586,false,0.25137346619235734
Receiver,WR-14,explosive_epa_magnitude,Explosiveness (EPA-Magnitude auf Erfolgen),Nenner: alle Scrimmage-Plays (Lauf + Pass).,195,23,0.11794871794871795,0.07625776510455583,0.17170996756587253,false,0.11852754833026138
Receiver,WR-14,success_rate_epa,Success Rate (EPA > 0),Nenner: alle Scrimmage-Plays (Lauf + Pass).,195,139,0.7128205128205128,0.6438380005381429,0.7752048404886789,false,0.7135207705535671
Receiver,WR-15,baseline_hc_verbal,"HC mündliche Regel (Yards > 12 oder EPA > 0, nur Pass)","Nenner: nur Pass-Attempts, wie im HC-Workbook (mündliche Regel).",191,147,0.7696335078534031,0.7033507271857687,0.8273479823993335,false,0.7681455735023512
Receiver,WR-15,baseline_hc_workbook,"HC-Workbook Explosive % (Yards > 12, nur Pass)","Nenner: nur Pass-Attempts (Comps+Incs+Sacks), wie im HC-Workbook.",191,42,0.2198952879581152,0.16331426716801875,0.28538499333957024,false,0.22155005258424504
Receiver,WR-15,explosive_epa_magnitude,Explosiveness (EPA-Magnitude auf Erfolgen),Nenner: alle Scrimmage-Plays (Lauf + Pass).,191,24,0.1256544502617801,0.0821949395183285,0.18117364990698687,false,0.12586142988907256
Receiver,WR-15,success_rate_epa,Success Rate (EPA > 0),Nenner: alle Scrimmage-Plays (Lauf + Pass).,191,144,0.7539267015706806,0.6865485377554685,0.8132450141577671,false,0.7525958107635884
Receiver,WR-16,baseline_hc_verbal,"HC mündliche Regel (Yards > 12 oder EPA > 0, nur Pass)","Nenner: nur Pass-Attempts, wie im HC-Workbook (mündliche Regel).",183,134,0.73224043715847,0.6619136836211806,0.794878396354325,false,0.7326282915749875
Receiver,WR-16,baseline_hc_workbook,"HC-Workbook Explosive % (Yards > 12, nur Pass)","Nenner: nur Pass-Attempts (Comps+Incs+Sacks), wie im HC-Workbook.",183,32,0.17486338797814208,0.12278772833648417,0.23779240968188745,false,0.17892000295043137
Receiver,WR-16,explosive_epa_magnitude,Explosiveness (EPA-Magnitude auf Erfolgen),Nenner: alle Scrimmage-Plays (Lauf + Pass).,183,15,0.08196721311475409,0.04660214989870984,0.13158839567198088,false,0.08444635962540717
Receiver,WR-16,success_rate_epa,Success Rate (EPA > 0),Nenner: alle Scrimmage-Plays (Lauf + Pass).,183,132,0.7213114754098361,0.650373694889942,0.7849268574962954,false,0.7216153262356542
Receiver,WR-17,baseline_hc_verbal,"HC mündliche Regel (Yards > 12 oder EPA > 0, nur Pass)","Nenner: nur Pass-Attempts, wie im HC-Workbook (mündliche Regel).",163,127,0.7791411042944786,0.7075860716467287,0.8402628621503905,false,0.7768627761501306
Receiver,WR-17,baseline_hc_workbook,"HC-Workbook Explosive % (Yards > 12, nur Pass)","Nenner: nur Pass-Attempts (Comps+Incs+Sacks), wie im HC-Workbook.",163,52,0.31901840490797545,0.2482993281954108,0.3964601361725001,false,0.3152113327712905
Receiver,WR-17,explosive_epa_magnitude,Explosiveness (EPA-Magnitude auf Erfolgen),Nenner: alle Scrimmage-Plays (Lauf + Pass).,163,25,0.15337423312883436,0.10178200659844466,0.21803070104052,false,0.1520124127612924
Receiver,WR-17,success_rate_epa,Success Rate (EPA > 0),Nenner: alle Scrimmage-Plays (Lauf + Pass).,163,125,0.7668711656441718,0.6943436145583158,0.8294345968902289,false,0.7645766356270594
Receiver,WR-18,baseline_hc_verbal,"HC mündliche Regel (Yards > 12 oder EPA > 0, nur Pass)","Nenner: nur Pass-Attempts, wie im HC-Workbook (mündliche Regel).",158,129,0.8164556962025317,0.7471553291478185,0.8734972410005271,false,0.8118884540117416
Receiver,WR-18,baseline_hc_workbook,"HC-Workbook Explosive % (Yards > 12, nur Pass)","Nenner: nur Pass-Attempts (Comps+Incs+Sacks), wie im HC-Workbook.",158,36,0.22784810126582278,0.16497262831331205,0.30121721028811543,false,0.22935452719900745
Receiver,WR-18,explosive_epa_magnitude,Explosiveness (EPA-Magnitude auf Erfolgen),Nenner: alle Scrimmage-Plays (Lauf + Pass).,158,13,0.08227848101265822,0.0445375341302347,0.13658895244165536,false,0.08510802028394991
Receiver,WR-18,success_rate_epa,Success Rate (EPA > 0),Nenner: alle Scrimmage-Plays (Lauf + Pass).,158,126,0.7974683544303798,0.7262865775061119,0.8571523026291973,false,0.7932842735921504
Receiver,WR-19,baseline_hc_verbal,"HC mündliche Regel (Yards > 12 oder EPA > 0, nur Pass)","Nenner: nur Pass-Attempts, wie im HC-Workbook (mündliche Regel).",151,107,0.7086092715231788,0.6292038292635921,0.7796282320288838,false,0.710541989279333
Receiver,WR-19,baseline_hc_workbook,"HC-Workbook Explosive % (Yards > 12, nur Pass)","Nenner: nur Pass-Attempts (Comps+Incs+Sacks), wie im HC-Workbook.",151,31,0.2052980132450331,0.14395655401249613,0.27856565137461,false,0.2082705625430637
Receiver,WR-19,explosive_epa_magnitude,Explosiveness (EPA-Magnitude auf Erfolgen),Nenner: alle Scrimmage-Plays (Lauf + Pass).,151,13,0.08609271523178808,0.04663874710689573,0.14272145813743184,false,0.08880836899194773
Receiver,WR-19,success_rate_epa,Success Rate (EPA > 0),Nenner: alle Scrimmage-Plays (Lauf + Pass).,151,104,0.6887417218543046,0.6083905343931787,0.7615126733719073,false,0.6911289314501943
Receiver,WR-20,baseline_hc_verbal,"HC mündliche Regel (Yards > 12 oder EPA > 0, nur Pass)","Nenner: nur Pass-Attempts, wie im HC-Workbook (mündliche Regel).",144,83,0.5763888888888888,0.49134101212769604,0.6582280489239785,false,0.5869951965842377
Receiver,WR-20,baseline_hc_workbook,"HC-Workbook Explosive % (Yards > 12, nur Pass)","Nenner: nur Pass-Attempts (Comps+Incs+Sacks), wie im HC-Workbook.",144,30,0.20833333333333334,0.1451944782925569,0.2838569958728679,false,0.21124389980151465
Receiver,WR-20,explosive_epa_magnitude,Explosiveness (EPA-Magnitude auf Erfolgen),Nenner: alle Scrimmage-Plays (Lauf + Pass).,144,19,0.13194444444444445,0.08134535431104009,0.1983571995845794,false,0.13180615199807522
Receiver,WR-20,success_rate_epa,Success Rate (EPA > 0),Nenner: alle Scrimmage-Plays (Lauf + Pass).,144,83,0.5763888888888888,0.49134101212769604,0.6582280489239785,false,0.5861802465161122
Receiver,WR-21,baseline_hc_verbal,"HC mündliche Regel (Yards > 12 oder EPA > 0, nur Pass)","Nenner: nur Pass-Attempts, wie im HC-Workbook (mündliche Regel).",130,96,0.7384615384615385,0.6541520398404608,0.8115855709197507,false,0.7385518590998044
Receiver,WR-21,baseline_hc_workbook,"HC-Workbook Explosive % (Yards > 12, nur Pass)","Nenner: nur Pass-Attempts (Comps+Incs+Sacks), wie im HC-Workbook.",130,26,0.2,0.13500186779886758,0.2791509968265169,false,0.20379686121023752
Receiver,WR-21,explosive_epa_magnitude,Explosiveness (EPA-Magnitude auf Erfolgen),Nenner: alle Scrimmage-Plays (Lauf + Pass).,130,19,0.14615384615384616,0.09034685211588772,0.2187925885927779,false,0.14498676719788275
Receiver,WR-21,success_rate_epa,Success Rate (EPA > 0),Nenner: alle Scrimmage-Plays (Lauf + Pass).,130,93,0.7153846153846154,0.6296438323369584,0.7910378181380043,false,0.7162268425962949
Receiver,WR-22,baseline_hc_verbal,"HC mündliche Regel (Yards > 12 oder EPA > 0, nur Pass)","Nenner: nur Pass-Attempts, wie im HC-Workbook (mündliche Regel).",129,101,0.7829457364341085,0.7018012970680112,0.8506616587118396,false,0.7798364048487237
Receiver,WR-22,baseline_hc_workbook,"HC-Workbook Explosive % (Yards > 12, nur Pass)","Nenner: nur Pass-Attempts (Comps+Incs+Sacks), wie im HC-Workbook.",129,39,0.3023255813953488,0.22460978318041702,0.38936314832156255,false,0.298788205535491
Receiver,WR-22,explosive_epa_magnitude,Explosiveness (EPA-Magnitude auf Erfolgen),Nenner: alle Scrimmage-Plays (Lauf + Pass).,129,13,0.10077519379844961,0.0547586626420886,0.1661627512219218,false,0.10286436983959414
Receiver,WR-22,success_rate_epa,Success Rate (EPA > 0),Nenner: alle Scrimmage-Plays (Lauf + Pass).,129,98,0.7596899224806202,0.6765719098203316,0.8305100247714465,false,0.7573507767156926
Receiver,WR-23,baseline_hc_verbal,"HC mündliche Regel (Yards > 12 oder EPA > 0, nur Pass)","Nenner: nur Pass-Attempts, wie im HC-Workbook (mündliche Regel).",120,100,0.8333333333333334,0.7543999619226809,0.8951214980233376,false,0.8261327713382508
Receiver,WR-23,baseline_hc_workbook,"HC-Workbook Explosive % (Yards > 12, nur Pass)","Nenner: nur Pass-Attempts (Comps+Incs+Sacks), wie im HC-Workbook.",120,34,0.2833333333333333,0.2048556678635223,0.3728205384215835,false,0.2810120043802558
Receiver,WR-23,explosive_epa_magnitude,Explosiveness (EPA-Magnitude auf Erfolgen),Nenner: alle Scrimmage-Plays (Lauf + Pass).,120,16,0.13333333333333333,0.07817281486617628,0.20747836333472908,false,0.13306267236695066
Receiver,WR-23,success_rate_epa,Success Rate (EPA > 0),Nenner: alle Scrimmage-Plays (Lauf + Pass).,120,100,0.8333333333333334,0.7543999619226809,0.8951214980233376,false,0.825167368949856
Receiver,WR-24,baseline_hc_verbal,"HC mündliche Regel (Yards > 12 oder EPA > 0, nur Pass)","Nenner: nur Pass-Attempts, wie im HC-Workbook (mündliche Regel).",112,92,0.8214285714285714,0.7377728071023437,0.8873770526537047,false,0.8147316415899394
Receiver,WR-24,baseline_hc_workbook,"HC-Workbook Explosive % (Yards > 12, nur Pass)","Nenner: nur Pass-Attempts (Comps+Incs+Sacks), wie im HC-Workbook.",112,33,0.29464285714285715,0.21226518490499957,0.38820638615558517,false,0.29124229974945287
Receiver,WR-24,explosive_epa_magnitude,Explosiveness (EPA-Magnitude auf Erfolgen),Nenner: alle Scrimmage-Plays (Lauf + Pass).,118,19,0.16101694915254236,0.09981613297545215,0.23997300557673587,false,0.15857927662268426
Receiver,WR-24,success_rate_epa,Success Rate (EPA > 0),Nenner: alle Scrimmage-Plays (Lauf + Pass).,118,94,0.7966101694915254,0.712656703006357,0.8651233801571044,false,0.7911856090896975
Receiver,WR-25,baseline_hc_verbal,"HC mündliche Regel (Yards > 12 oder EPA > 0, nur Pass)","Nenner: nur Pass-Attempts, wie im HC-Workbook (mündliche Regel).",109,83,0.7614678899082569,0.6703479728894767,0.8378847379532188,false,0.7596408426384252
Receiver,WR-25,baseline_hc_workbook,"HC-Workbook Explosive % (Yards > 12, nur Pass)","Nenner: nur Pass-Attempts (Comps+Incs+Sacks), wie im HC-Workbook.",109,34,0.3119266055045872,0.22662359154208178,0.40775063228907366,false,0.30698790394481723
Receiver,WR-25,explosive_epa_magnitude,Explosiveness (EPA-Magnitude auf Erfolgen),Nenner: alle Scrimmage-Plays (Lauf + Pass).,109,16,0.14678899082568808,0.08629328645457723,0.22740511799052163,false,0.14536258325801332
Receiver,WR-25,success_rate_epa,Success Rate (EPA > 0),Nenner: alle Scrimmage-Plays (Lauf + Pass).,109,83,0.7614678899082569,0.6703479728894767,0.8378847379532188,false,0.7585862013737923
Receiver,WR-26,baseline_hc_verbal,"HC mündliche Regel (Yards > 12 oder EPA > 0, nur Pass)","Nenner: nur Pass-Attempts, wie im HC-Workbook (mündliche Regel).",104,79,0.7596153846153846,0.6659213841819959,0.8379976891348673,false,0.7578707041576545
Receiver,WR-26,baseline_hc_workbook,"HC-Workbook Explosive % (Yards > 12, nur Pass)","Nenner: nur Pass-Attempts (Comps+Incs+Sacks), wie im HC-Workbook.",104,28,0.2692307692307692,0.1869397877048974,0.3650993842497273,false,0.2678207067494145
Receiver,WR-26,explosive_epa_magnitude,Explosiveness (EPA-Magnitude auf Erfolgen),Nenner: alle Scrimmage-Plays (Lauf + Pass).,105,14,0.13333333333333333,0.07485370073317016,0.21358231897919194,false,0.13302736876263987
Receiver,WR-26,success_rate_epa,Success Rate (EPA > 0),Nenner: alle Scrimmage-Plays (Lauf + Pass).,105,77,0.7333333333333333,0.6381432494064497,0.8149253752710434,false,0.7327978953346198
Receiver,WR-27,baseline_hc_verbal,"HC mündliche Regel (Yards > 12 oder EPA > 0, nur Pass)","Nenner: nur Pass-Attempts, wie im HC-Workbook (mündliche Regel).",83,64,0.7710843373493976,0.6658300677310416,0.8561963980015608,false,0.7677124760642215
Receiver,WR-27,baseline_hc_workbook,"HC-Workbook Explosive % (Yards > 12, nur Pass)","Nenner: nur Pass-Attempts (Comps+Incs+Sacks), wie im HC-Workbook.",83,28,0.3373493975903614,0.2371862019479221,0.44949935915525363,false,0.3282963502089597
Receiver,WR-27,explosive_epa_magnitude,Explosiveness (EPA-Magnitude auf Erfolgen),Nenner: alle Scrimmage-Plays (Lauf + Pass).,83,18,0.21686746987951808,0.13388705843630275,0.32091498974083843,false,0.20750696137315683
Receiver,WR-27,success_rate_epa,Success Rate (EPA > 0),Nenner: alle Scrimmage-Plays (Lauf + Pass).,83,63,0.7590361445783133,0.6526738450587032,0.8461760919688717,false,0.7556103006825944
Receiver,WR-28,baseline_hc_verbal,"HC mündliche Regel (Yards > 12 oder EPA > 0, nur Pass)","Nenner: nur Pass-Attempts, wie im HC-Workbook (mündliche Regel).",80,58,0.725,0.6137565791555732,0.8189623614432763,false,0.7266362252663623
Receiver,WR-28,baseline_hc_workbook,"HC-Workbook Explosive % (Yards > 12, nur Pass)","Nenner: nur Pass-Attempts (Comps+Incs+Sacks), wie im HC-Workbook.",80,10,0.125,0.06160209655841417,0.21788913406943627,false,0.1392395618825917
Receiver,WR-28,explosive_epa_magnitude,Explosiveness (EPA-Magnitude auf Erfolgen),Nenner: alle Scrimmage-Plays (Lauf + Pass).,80,5,0.0625,0.020603072301885135,0.13985707529762345,false,0.06997941564115094
Receiver,WR-28,success_rate_epa,Success Rate (EPA > 0),Nenner: alle Scrimmage-Plays (Lauf + Pass).,80,57,0.7125,0.6004548866879795,0.8082395280280354,false,0.7141306440386809
Receiver,WR-29,baseline_hc_verbal,"HC mündliche Regel (Yards > 12 oder EPA > 0, nur Pass)","Nenner: nur Pass-Attempts, wie im HC-Workbook (mündliche Regel).",76,67,0.881578947368421,0.7870667555059112,0.9443957918486323,false,0.8650844217903791
Receiver,WR-29,baseline_hc_workbook,"HC-Workbook Explosive % (Yards > 12, nur Pass)","Nenner: nur Pass-Attempts (Comps+Incs+Sacks), wie im HC-Workbook.",76,22,0.2894736842105263,0.1911121870883184,0.4048514390574956,false,0.2852507042957355
Receiver,WR-29,explosive_epa_magnitude,Explosiveness (EPA-Magnitude auf Erfolgen),Nenner: alle Scrimmage-Plays (Lauf + Pass).,82,16,0.1951219512195122,0.11584269079505019,0.29743599880814126,false,0.18802334138808244
Receiver,WR-29,success_rate_epa,Success Rate (EPA > 0),Nenner: alle Scrimmage-Plays (Lauf + Pass).,82,71,0.8658536585365854,0.7726393752764297,0.9310878548522304,false,0.8507799778639269
Receiver,WR-30,baseline_hc_verbal,"HC mündliche Regel (Yards > 12 oder EPA > 0, nur Pass)","Nenner: nur Pass-Attempts, wie im HC-Workbook (mündliche Regel).",70,53,0.7571428571428571,0.6398847580072047,0.8517109722037495,false,0.7549657534246575
Receiver,WR-30,baseline_hc_workbook,"HC-Workbook Explosive % (Yards > 12, nur Pass)","Nenner: nur Pass-Attempts (Comps+Incs+Sacks), wie im HC-Workbook.",70,20,0.2857142857142857,0.18404560857320096,0.40621779841883265,false,0.28164450711791567
Receiver,WR-30,explosive_epa_magnitude,Explosiveness (EPA-Magnitude auf Erfolgen),Nenner: alle Scrimmage-Plays (Lauf + Pass).,70,10,0.14285714285714285,0.07069045426686983,0.2470682477503655,false,0.1412268425962948
Receiver,WR-30,success_rate_epa,Success Rate (EPA > 0),Nenner: alle Scrimmage-Plays (Lauf + Pass).,70,53,0.7571428571428571,0.6398847580072047,0.8517109722037495,false,0.753396974543516
Receiver,WR-31,baseline_hc_verbal,"HC mündliche Regel (Yards > 12 oder EPA > 0, nur Pass)","Nenner: nur Pass-Attempts, wie im HC-Workbook (mündliche Regel).",67,52,0.7761194029850746,0.6577671534553582,0.8689406541464092,false,0.7713929905710728
Receiver,WR-31,baseline_hc_workbook,"HC-Workbook Explosive % (Yards > 12, nur Pass)","Nenner: nur Pass-Attempts (Comps+Incs+Sacks), wie im HC-Workbook.",67,14,0.208955223880597,0.1192118314046232,0.32566334879148084,false,0.21469559181082148
Receiver,WR-31,explosive_epa_magnitude,Explosiveness (EPA-Magnitude auf Erfolgen),Nenner: alle Scrimmage-Plays (Lauf + Pass).,67,8,0.11940298507462686,0.05298480594315834,0.22178513843994277,false,0.1207551611390076
Receiver,WR-31,success_rate_epa,Success Rate (EPA > 0),Nenner: alle Scrimmage-Plays (Lauf + Pass).,67,51,0.7611940298507462,0.641367506679083,0.8569122947235739,false,0.7567760774478088
Receiver,WR-32,baseline_hc_verbal,"HC mündliche Regel (Yards > 12 oder EPA > 0, nur Pass)","Nenner: nur Pass-Attempts, wie im HC-Workbook (mündliche Regel).",57,43,0.7543859649122807,0.6223896951980541,0.85873142226404,false,0.7521979145369045
Receiver,WR-32,baseline_hc_workbook,"HC-Workbook Explosive % (Yards > 12, nur Pass)","Nenner: nur Pass-Attempts (Comps+Incs+Sacks), wie im HC-Workbook.",57,18,0.3157894736842105,0.1990500777381102,0.4524298417887715,false,0.30644120252885454
Receiver,WR-32,explosive_epa_magnitude,Explosiveness (EPA-Magnitude auf Erfolgen),Nenner: alle Scrimmage-Plays (Lauf + Pass).,57,7,0.12280701754385964,0.05082894015856716,0.23679499936242734,false,0.1238529463836356
Receiver,WR-32,success_rate_epa,Success Rate (EPA > 0),Nenner: alle Scrimmage-Plays (Lauf + Pass).,57,42,0.7368421052631579,0.603372537210484,0.8446152496369621,false,0.7353993725892728
Receiver,WR-33,baseline_hc_verbal,"HC mündliche Regel (Yards > 12 oder EPA > 0, nur Pass)","Nenner: nur Pass-Attempts, wie im HC-Workbook (mündliche Regel).",51,42,0.8235294117647058,0.691274013881011,0.9159913001968388,false,0.8097911520323378
Receiver,WR-33,baseline_hc_workbook,"HC-Workbook Explosive % (Yards > 12, nur Pass)","Nenner: nur Pass-Attempts (Comps+Incs+Sacks), wie im HC-Workbook.",51,10,0.19607843137254902,0.09824341651178592,0.3311573512534222,false,0.20543541917103694
Receiver,WR-33,explosive_epa_magnitude,Explosiveness (EPA-Magnitude auf Erfolgen),Nenner: alle Scrimmage-Plays (Lauf + Pass).,51,9,0.17647058823529413,0.08400869980316122,0.30872598611898916,false,0.16882208865087844
Receiver,WR-33,success_rate_epa,Success Rate (EPA > 0),Nenner: alle Scrimmage-Plays (Lauf + Pass).,51,42,0.8235294117647058,0.691274013881011,0.9159913001968388,false,0.8077337371062504
Receiver,WR-34,baseline_hc_verbal,"HC mündliche Regel (Yards > 12 oder EPA > 0, nur Pass)","Nenner: nur Pass-Attempts, wie im HC-Workbook (mündliche Regel).",47,34,0.723404255319149,0.5736199172109807,0.8437563313934479,false,0.7262677241047826
Receiver,WR-34,baseline_hc_workbook,"HC-Workbook Explosive % (Yards > 12, nur Pass)","Nenner: nur Pass-Attempts (Comps+Incs+Sacks), wie im HC-Workbook.",47,10,0.2127659574468085,0.10703247715474883,0.3566369877629926,false,0.21985193981461848
Receiver,WR-34,explosive_epa_magnitude,Explosiveness (EPA-Magnitude auf Erfolgen),Nenner: alle Scrimmage-Plays (Lauf + Pass).,47,4,0.0851063829787234,0.023677092103897752,0.20379269641253403,false,0.09294995452111553
Receiver,WR-34,success_rate_epa,Success Rate (EPA > 0),Nenner: alle Scrimmage-Plays (Lauf + Pass).,47,33,0.7021276595744681,0.5510643127936741,0.8266114972922232,false,0.7065220695347593
Receiver,WR-35,baseline_hc_verbal,"HC mündliche Regel (Yards > 12 oder EPA > 0, nur Pass)","Nenner: nur Pass-Attempts, wie im HC-Workbook (mündliche Regel).",45,32,0.7111111111111111,0.5568547229147425,0.8363374395543264,false,0.7163138231631383
Receiver,WR-35,baseline_hc_workbook,"HC-Workbook Explosive % (Yards > 12, nur Pass)","Nenner: nur Pass-Attempts (Comps+Incs+Sacks), wie im HC-Workbook.",45,9,0.2,0.09575726969114268,0.34595829779491044,false,0.20966473762605914
Receiver,WR-35,explosive_epa_magnitude,Explosiveness (EPA-Magnitude auf Erfolgen),Nenner: alle Scrimmage-Plays (Lauf + Pass).,45,2,0.044444444444444446,0.005428488700237815,0.1514929002433383,false,0.059966316503701544
Receiver,WR-35,success_rate_epa,Success Rate (EPA > 0),Nenner: alle Scrimmage-Plays (Lauf + Pass).,45,31,0.6888888888888889,0.5335089700878829,0.818341196066763,false,0.6958501447905687
Receiver,WR-36,baseline_hc_verbal,"HC mündliche Regel (Yards > 12 oder EPA > 0, nur Pass)","Nenner: nur Pass-Attempts, wie im HC-Workbook (mündliche Regel).",44,29,0.6590909090909091,0.5008050107057002,0.7950826530305182,false,0.6740233384069001
Receiver,WR-36,baseline_hc_workbook,"HC-Workbook Explosive % (Yards > 12, nur Pass)","Nenner: nur Pass-Attempts (Comps+Incs+Sacks), wie im HC-Workbook.",44,11,0.25,0.1319274379336495,0.40338040773596756,false,0.2505844549895047
Receiver,WR-36,explosive_epa_magnitude,Explosiveness (EPA-Magnitude auf Erfolgen),Nenner: alle Scrimmage-Plays (Lauf + Pass).,44,9,0.20454545454545456,0.09804317636066084,0.35304505677824954,false,0.1907064334759923
Receiver,WR-36,success_rate_epa,Success Rate (EPA > 0),Nenner: alle Scrimmage-Plays (Lauf + Pass).,44,29,0.6590909090909091,0.5008050107057002,0.7950826530305182,false,0.6716992215459496
Receiver,WR-37,baseline_hc_verbal,"HC mündliche Regel (Yards > 12 oder EPA > 0, nur Pass)","Nenner: nur Pass-Attempts, wie im HC-Workbook (mündliche Regel).",39,32,0.8205128205128205,0.6646504388730688,0.9246495226833473,false,0.804025719876992
Receiver,WR-37,baseline_hc_workbook,"HC-Workbook Explosive % (Yards > 12, nur Pass)","Nenner: nur Pass-Attempts (Comps+Incs+Sacks), wie im HC-Workbook.",39,13,0.3333333333333333,0.1908809790463461,0.5021722646989096,false,0.31697062386598474
Receiver,WR-37,explosive_epa_magnitude,Explosiveness (EPA-Magnitude auf Erfolgen),Nenner: alle Scrimmage-Plays (Lauf + Pass).,40,5,0.125,0.04185962613861672,0.26803291736182305,false,0.1259629481540717
Receiver,WR-37,success_rate_epa,Success Rate (EPA > 0),Nenner: alle Scrimmage-Plays (Lauf + Pass).,40,31,0.775,0.6154883226965773,0.8916033610159492,false,0.7654351592696256
Receiver,WR-38,baseline_hc_verbal,"HC mündliche Regel (Yards > 12 oder EPA > 0, nur Pass)","Nenner: nur Pass-Attempts, wie im HC-Workbook (mündliche Regel).",37,26,0.7027027027027027,0.5302004650059331,0.8412745636203715,false,0.7105800058292043
Receiver,WR-38,baseline_hc_workbook,"HC-Workbook Explosive % (Yards > 12, nur Pass)","Nenner: nur Pass-Attempts (Comps+Incs+Sacks), wie im HC-Workbook.",37,10,0.2702702702702703,0.13790258441349776,0.4411936335757359,false,0.2666289482858139
Receiver,WR-38,explosive_epa_magnitude,Explosiveness (EPA-Magnitude auf Erfolgen),Nenner: alle Scrimmage-Plays (Lauf + Pass).,37,1,0.02702702702702703,0.0006840310247277376,0.1416030956111581,false,0.04889675335539542
Receiver,WR-38,success_rate_epa,Success Rate (EPA > 0),Nenner: alle Scrimmage-Plays (Lauf + Pass).,37,24,0.6486486486486487,0.47461125562602574,0.7979001847159973,false,0.6653565524144952
Receiver,WR-39,baseline_hc_verbal,"HC mündliche Regel (Yards > 12 oder EPA > 0, nur Pass)","Nenner: nur Pass-Attempts, wie im HC-Workbook (mündliche Regel).",36,28,0.7777777777777778,0.6084823508426491,0.8988494696550872,false,0.7695056581298393
Receiver,WR-39,baseline_hc_workbook,"HC-Workbook Explosive % (Yards > 12, nur Pass)","Nenner: nur Pass-Attempts (Comps+Incs+Sacks), wie im HC-Workbook.",36,10,0.2777777777777778,0.14200244726340203,0.4518611450678391,false,0.2724252297702881
Receiver,WR-39,explosive_epa_magnitude,Explosiveness (EPA-Magnitude auf Erfolgen),Nenner: alle Scrimmage-Plays (Lauf + Pass).,36,7,0.19444444444444445,0.08194363976520881,0.3602480161750252,false,0.18039450886312142
Receiver,WR-39,success_rate_epa,Success Rate (EPA > 0),Nenner: alle Scrimmage-Plays (Lauf + Pass).,36,28,0.7777777777777778,0.6084823508426491,0.8988494696550872,false,0.7667773470322017
Receiver,WR-40,baseline_hc_verbal,"HC mündliche Regel (Yards > 12 oder EPA > 0, nur Pass)","Nenner: nur Pass-Attempts, wie im HC-Workbook (mündliche Regel).",35,29,0.8285714285714286,0.6635016999818029,0.9343781988437813,false,0.8088280060882801
Receiver,WR-40,baseline_hc_workbook,"HC-Workbook Explosive % (Yards > 12, nur Pass)","Nenner: nur Pass-Attempts (Comps+Incs+Sacks), wie im HC-Workbook.",35,14,0.4,0.23870811045334123,0.5788822781181552,false,0.3673680126540723
Receiver,WR-40,explosive_epa_magnitude,Explosiveness (EPA-Magnitude auf Erfolgen),Nenner: alle Scrimmage-Plays (Lauf + Pass).,35,8,0.22857142857142856,0.10421043194781524,0.40136325610731466,false,0.20662549794896856
Receiver,WR-40,success_rate_epa,Success Rate (EPA > 0),Nenner: alle Scrimmage-Plays (Lauf + Pass).,35,29,0.8285714285714286,0.6635016999818029,0.9343781988437813,false,0.8060390658551395
Receiver,WR-41,baseline_hc_verbal,"HC mündliche Regel (Yards > 12 oder EPA > 0, nur Pass)","Nenner: nur Pass-Attempts, wie im HC-Workbook (mündliche Regel).",34,29,0.8529411764705882,0.6894342696048743,0.9504715447438237,false,0.8272104607721047
Receiver,WR-41,baseline_hc_workbook,"HC-Workbook Explosive % (Yards > 12, nur Pass)","Nenner: nur Pass-Attempts (Comps+Incs+Sacks), wie im HC-Workbook.",34,12,0.35294117647058826,0.19745864791209491,0.5351136291089637,false,0.3302627402143921
Receiver,WR-41,explosive_epa_magnitude,Explosiveness (EPA-Magnitude auf Erfolgen),Nenner: alle Scrimmage-Plays (Lauf + Pass).,38,8,0.21052631578947367,0.09554111545625793,0.3731882836016396,false,0.19371140432715803
Receiver,WR-41,success_rate_epa,Success Rate (EPA > 0),Nenner: alle Scrimmage-Plays (Lauf + Pass).,38,32,0.8421052631578947,0.687466391708091,0.9397702720826926,false,0.8181616242391933
Receiver,WR-42,baseline_hc_verbal,"HC mündliche Regel (Yards > 12 oder EPA > 0, nur Pass)","Nenner: nur Pass-Attempts, wie im HC-Workbook (mündliche Regel).",30,24,0.8,0.6143334890033935,0.9228644879991978,false,0.784931506849315
Receiver,WR-42,baseline_hc_workbook,"HC-Workbook Explosive % (Yards > 12, nur Pass)","Nenner: nur Pass-Attempts (Comps+Incs+Sacks), wie im HC-Workbook.",30,8,0.26666666666666666,0.12279480987236485,0.4588936513947741,false,0.26328901423583134
Receiver,WR-42,explosive_epa_magnitude,Explosiveness (EPA-Magnitude auf Erfolgen),Nenner: alle Scrimmage-Plays (Lauf + Pass).,30,5,0.16666666666666666,0.05642169646830169,0.3472116988341439,false,0.15745368519258962
Receiver,WR-42,success_rate_epa,Success Rate (EPA > 0),Nenner: alle Scrimmage-Plays (Lauf + Pass).,30,24,0.8,0.6143334890033935,0.9228644879991978,false,0.7817939490870318
Receiver,WR-43,baseline_hc_verbal,"HC mündliche Regel (Yards > 12 oder EPA > 0, nur Pass)","Nenner: nur Pass-Attempts, wie im HC-Workbook (mündliche Regel).",26,18,0.6923076923076923,0.4821035635542585,0.8567400020722964,false,0.7054794520547945
Receiver,WR-43,baseline_hc_workbook,"HC-Workbook Explosive % (Yards > 12, nur Pass)","Nenner: nur Pass-Attempts (Comps+Incs+Sacks), wie im HC-Workbook.",26,5,0.19230769230769232,0.06554810873677529,0.39350552793932186,false,0.20921001581759036
Receiver,WR-43,explosive_epa_magnitude,Explosiveness (EPA-Magnitude auf Erfolgen),Nenner: alle Scrimmage-Plays (Lauf + Pass).,26,2,0.07692307692307693,0.009455391003251528,0.251302916695431,false,0.09161520576954402
Receiver,WR-43,success_rate_epa,Success Rate (EPA > 0),Nenner: alle Scrimmage-Plays (Lauf + Pass).,26,17,0.6538461538461539,0.44332807395779006,0.8278558619943336,false,0.674215498985591
Receiver,WR-44,baseline_hc_verbal,"HC mündliche Regel (Yards > 12 oder EPA > 0, nur Pass)","Nenner: nur Pass-Attempts, wie im HC-Workbook (mündliche Regel).",22,13,0.5909090909090909,0.36354696172973133,0.7929068770028508,false,0.6374143835616438
Receiver,WR-44,baseline_hc_workbook,"HC-Workbook Explosive % (Yards > 12, nur Pass)","Nenner: nur Pass-Attempts (Comps+Incs+Sacks), wie im HC-Workbook.",22,3,0.13636363636363635,0.02905585112874669,0.34912209725740817,false,0.17286126779478916
Receiver,WR-44,explosive_epa_magnitude,Explosiveness (EPA-Magnitude auf Erfolgen),Nenner: alle Scrimmage-Plays (Lauf + Pass).,22,2,0.09090909090909091,0.011205586024166507,0.291612741553955,false,0.10306710649073703
Receiver,WR-44,success_rate_epa,Success Rate (EPA > 0),Nenner: alle Scrimmage-Plays (Lauf + Pass).,22,13,0.5909090909090909,0.36354696172973133,0.7929068770028508,false,0.6334924363587898
Receiver,WR-45,baseline_hc_verbal,"HC mündliche Regel (Yards > 12 oder EPA > 0, nur Pass)","Nenner: nur Pass-Attempts, wie im HC-Workbook (mündliche Regel).",21,13,0.6190476190476191,0.38435439037864766,0.8189283744598268,false,0.6579761378700839
Receiver,WR-45,baseline_hc_workbook,"HC-Workbook Explosive % (Yards > 12, nur Pass)","Nenner: nur Pass-Attempts (Comps+Incs+Sacks), wie im HC-Workbook.",21,6,0.2857142857142857,0.11280940392187096,0.5217511182471136,false,0.2752116312720404
Receiver,WR-45,explosive_epa_magnitude,Explosiveness (EPA-Magnitude auf Erfolgen),Nenner: alle Scrimmage-Plays (Lauf + Pass).,21,0,0.0,0.0,0.1610976152190796,false,0.04187572282914791
Receiver,WR-45,success_rate_epa,Success Rate (EPA > 0),Nenner: alle Scrimmage-Plays (Lauf + Pass).,21,13,0.6190476190476191,0.38435439037864766,0.8189283744598268,false,0.6539276762413314
Receiver,WR-46,baseline_hc_verbal,"HC mündliche Regel (Yards > 12 oder EPA > 0, nur Pass)","Nenner: nur Pass-Attempts, wie im HC-Workbook (mündliche Regel).",21,17,0.8095238095238095,0.5809339588164454,0.9455364318215961,false,0.7870083959346
Receiver,WR-46,baseline_hc_workbook,"HC-Workbook Explosive % (Yards > 12, nur Pass)","Nenner: nur Pass-Attempts (Comps+Incs+Sacks), wie im HC-Workbook.",21,8,0.38095238095238093,0.18107162554017325,0.6156456096213524,false,0.33972776030429847
Receiver,WR-46,explosive_epa_magnitude,Explosiveness (EPA-Magnitude auf Erfolgen),Nenner: alle Scrimmage-Plays (Lauf + Pass).,21,4,0.19047619047619047,0.05446356817840391,0.41906604118355467,false,0.17090798089366402
Receiver,WR-46,success_rate_epa,Success Rate (EPA > 0),Nenner: alle Scrimmage-Plays (Lauf + Pass).,21,16,0.7619047619047619,0.5283401723453758,0.9178241244069775,false,0.7507018697897185
Receiver,WR-47,baseline_hc_verbal,"HC mündliche Regel (Yards > 12 oder EPA > 0, nur Pass)","Nenner: nur Pass-Attempts, wie im HC-Workbook (mündliche Regel).",21,17,0.8095238095238095,0.5809339588164454,0.9455364318215961,false,0.7870083959346
Receiver,WR-47,baseline_hc_workbook,"HC-Workbook Explosive % (Yards > 12, nur Pass)","Nenner: nur Pass-Attempts (Comps+Incs+Sacks), wie im HC-Workbook.",21,7,0.3333333333333333,0.14587694234309323,0.5696754829041243,false,0.30746969578816946
Receiver,WR-47,explosive_epa_magnitude,Explosiveness (EPA-Magnitude auf Erfolgen),Nenner: alle Scrimmage-Plays (Lauf + Pass).,21,3,0.14285714285714285,0.030488967621516514,0.3634239870169809,false,0.138649916377535
Receiver,WR-47,success_rate_epa,Success Rate (EPA > 0),Nenner: alle Scrimmage-Plays (Lauf + Pass).,21,17,0.8095238095238095,0.5809339588164454,0.9455364318215961,false,0.7829599343058475
Receiver,WR-48,baseline_hc_verbal,"HC mündliche Regel (Yards > 12 oder EPA > 0, nur Pass)","Nenner: nur Pass-Attempts, wie im HC-Workbook (mündliche Regel).",20,10,0.5,0.27195784956079133,0.7280421504392086,false,0.5799086757990868
Receiver,WR-48,baseline_hc_workbook,"HC-Workbook Explosive % (Yards > 12, nur Pass)","Nenner: nur Pass-Attempts (Comps+Incs+Sacks), wie im HC-Workbook.",20,4,0.2,0.05733399705002387,0.4366140029966687,false,0.2177186856477751
Receiver,WR-48,explosive_epa_magnitude,Explosiveness (EPA-Magnitude auf Erfolgen),Nenner: alle Scrimmage-Plays (Lauf + Pass).,20,2,0.1,0.012348527170295887,0.3169827140190792,false,0.10993824692345283
Receiver,WR-48,success_rate_epa,Success Rate (EPA > 0),Nenner: alle Scrimmage-Plays (Lauf + Pass).,20,10,0.5,0.27195784956079133,0.7280421504392086,false,0.5757252654493759
Receiver,WR-49,baseline_hc_verbal,"HC mündliche Regel (Yards > 12 oder EPA > 0, nur Pass)","Nenner: nur Pass-Attempts, wie im HC-Workbook (mündliche Regel).",19,15,0.7894736842105263,0.544346918108494,0.9394754622907643,false,0.7723193197921587
Receiver,WR-49,baseline_hc_workbook,"HC-Workbook Explosive % (Yards > 12, nur Pass)","Nenner: nur Pass-Attempts (Comps+Incs+Sacks), wie im HC-Workbook.",19,8,0.42105263157894735,0.20252143897763808,0.6650021559882682,false,0.3631572610149398
Receiver,WR-49,explosive_epa_magnitude,Explosiveness (EPA-Magnitude auf Erfolgen),Nenner: alle Scrimmage-Plays (Lauf + Pass).,19,2,0.10526315789473684,0.013012164371777669,0.33137666445676595,false,0.11372922095529603
Receiver,WR-49,success_rate_epa,Success Rate (EPA > 0),Nenner: alle Scrimmage-Plays (Lauf + Pass).,19,14,0.7368421052631579,0.48797065465412726,0.9085342150927965,false,0.7335088952924578
Receiver,WR-50,baseline_hc_verbal,"HC mündliche Regel (Yards > 12 oder EPA > 0, nur Pass)","Nenner: nur Pass-Attempts, wie im HC-Workbook (mündliche Regel).",16,12,0.75,0.4762291801038724,0.9273379617471178,false,0.7460484720758693
Receiver,WR-50,baseline_hc_workbook,"HC-Workbook Explosive % (Yards > 12, nur Pass)","Nenner: nur Pass-Attempts (Comps+Incs+Sacks), wie im HC-Workbook.",16,5,0.3125,0.1101699547171175,0.5866206364513586,false,0.28967540651666357
Receiver,WR-50,explosive_epa_magnitude,Explosiveness (EPA-Magnitude auf Erfolgen),Nenner: alle Scrimmage-Plays (Lauf + Pass).,16,2,0.125,0.015513603815413817,0.38347623684925625,false,0.1268518233732148
Receiver,WR-50,success_rate_epa,Success Rate (EPA > 0),Nenner: alle Scrimmage-Plays (Lauf + Pass).,16,12,0.75,0.4762291801038724,0.9273379617471178,false,0.7412214601338951
Receiver,WR-51,baseline_hc_verbal,"HC mündliche Regel (Yards > 12 oder EPA > 0, nur Pass)","Nenner: nur Pass-Attempts, wie im HC-Workbook (mündliche Regel).",16,8,0.5,0.24651011149050545,0.7534898885094946,false,0.5922023182297155
Receiver,WR-51,baseline_hc_workbook,"HC-Workbook Explosive % (Yards > 12, nur Pass)","Nenner: nur Pass-Attempts (Comps+Incs+Sacks), wie im HC-Workbook.",16,2,0.125,0.015513603815413817,0.38347623684925625,false,0.1742907911320482
Receiver,WR-51,explosive_epa_magnitude,Explosiveness (EPA-Magnitude auf Erfolgen),Nenner: alle Scrimmage-Plays (Lauf + Pass).,16,0,0.0,0.0,0.2059072142078231,false,0.04992874645013789
Receiver,WR-51,success_rate_epa,Success Rate (EPA > 0),Nenner: alle Scrimmage-Plays (Lauf + Pass).,16,8,0.5,0.24651011149050545,0.7534898885094946,false,0.5873753062877414
Receiver,WR-52,baseline_hc_verbal,"HC mündliche Regel (Yards > 12 oder EPA > 0, nur Pass)","Nenner: nur Pass-Attempts, wie im HC-Workbook (mündliche Regel).",15,10,0.6666666666666666,0.38380373254115413,0.8817588966331302,false,0.6958904109589041
Receiver,WR-52,baseline_hc_workbook,"HC-Workbook Explosive % (Yards > 12, nur Pass)","Nenner: nur Pass-Attempts (Comps+Incs+Sacks), wie im HC-Workbook.",15,6,0.4,0.16336432385951336,0.6771302337934105,false,0.34126242277733015
Receiver,WR-52,explosive_epa_magnitude,Explosiveness (EPA-Magnitude auf Erfolgen),Nenner: alle Scrimmage-Plays (Lauf + Pass).,15,4,0.26666666666666666,0.077871546291031,0.5510032410369711,false,0.2119258963081434
Receiver,WR-52,success_rate_epa,Success Rate (EPA > 0),Nenner: alle Scrimmage-Plays (Lauf + Pass).,15,9,0.6,0.3228697662065893,0.8366356761404866,false,0.6508703185392509
