index,season,competition_id,competition_name,competition_league,gender,game_id,game_type,game_group_id,game_group,half,summary,action_title,down,down_desc,down_after,down_after_desc,yards_to_go,yards_to_go_after,possession_time,home_team,away_team,home_score,away_score,stream_url,passer,receiver,rusher,tackle_player,interception_player,sack_player,play_result,penalty,safety,drive_id,play_id,half_end,play_type,complete_pass,interception,touchdown,point_after,point_after_success,def_touchdown,one_point_conv_success,two_point_conv_success,defensive_two_point_conv,scoring_play,posteam,defteam,posteam_after,defteam_after,yardline_50,yardline_50_after,yards_gained,yards_to_go_simple,first_down,scoring_play_team,home_team_points,away_team_points,home_team_score,away_team_score,posteam_score,defteam_score,score_differential
1,2024,2,FlagWC,World cup,2,956,Group stage,47,Group B,1,#33 Diana Flores Deep middle pass incomplete to #3 Silvia Contreras,Pass incomplete,1,1st,2,2nd,20,20,-6:-15,13,11,6,45,https://ifaf.tv/sportitemset/66c067783767713b5225c79e,,,,,,,incomplete,0,0,1,1,0,pass,0,0,0,0,0,0,0,0,0,0,11,13,11,13,5,5,0,4,0,,0,0,0,0,0,0,0
2,2024,2,FlagWC,World cup,2,956,Group stage,47,Group B,1,#33 Diana Flores Short left pass incomplete to #9 Ana Aguayo,Pass incomplete,2,2nd,3,3rd,20,20,-6:-15,13,11,6,45,https://ifaf.tv/sportitemset/66c067783767713b5225c79e,,,,,,,incomplete,0,0,1,2,0,pass,0,0,0,0,0,0,0,0,0,0,11,13,11,13,5,5,0,4,0,,,,0,0,0,0,0
"3,2024,2,FlagWC,World cup,2,956,Group stage,47,Group B,1,""#33 Diana Flores Short left pass complete to #31 Tania Rincon for 13 yards to the MEX18, #31 Tania Rincon run for 3 yards<em> to</em><em> MEX21</em><em> for a gain of</em><em> 16</em><em> yards</em>, tackled by #16 Marcucci Martika"",16 yard pass,3,3rd,4,4th,20,4,-6:-15,13,11,6,45,https://ifaf.tv/sportitemset/66c067783767713b5225c79e,,31,,16,,,complete,0,0,1,3,0,pass,1,0,0,0,0,0,0,0,0,0,11,13,11,13,5,21,16,4,0,,,,0,0,0,0,0"
"4,2024,2,FlagWC,World cup,2,956,Group stage,47,Group B,1,""#33 Diana Flores Short right pass complete to #31 Tania Rincon for 4 yards to the MEX25, #31 Tania Rincon run for 13 yards<em> to</em><em> ITA12</em><em> for a gain of</em><em> 17</em><em> yards</em>, tackled by #9 Jirjena Renate<strong>. 1st down Mexico</strong>"",17 yard pass,4,4th,1,1st,4,12,-6:-15,13,11,6,45,https://ifaf.tv/sportitemset/66c067783767713b5225c79e,,31,,9,,,complete,0,0,1,4,0,pass,1,0,0,0,0,0,0,0,0,0,11,13,11,13,21,38,17,1,1,,,,0,0,0,0,0"
"5,2024,2,FlagWC,World cup,2,956,Group stage,47,Group B,1,""#31 Tania Rincon Short right pass complete to #9 Ana Aguayo for 12 yards to the ITA0<strong>, touchdown</strong>. Time left 17:15"",Touchdown,1,1st,1,1st,12,,-6:-15,13,11,6,45,https://ifaf.tv/sportitemset/66c067783767713b5225c79e,,9,,,,,complete,0,0,1,5,0,pass,1,0,1,0,0,0,0,0,0,1,11,13,11,13,38,50,12,3,0,11,,6,0,6,6,0,6"
"6,2024,2,FlagWC,World cup,2,956,Group stage,47,Group B,1,""#33 Diana Flores Short middle pass intercepted to #9 Jirjena Renate for 5 yards to the ITA0, #9 Jirjena Renate run for no gain<em> to</em><em> ITA0</em>, tackled by #9 Ana Aguayo"",Extra point attempt,0,PAT 5 yards,1,1st,,,-6:-15,13,11,6,45,https://ifaf.tv/sportitemset/66c067783767713b5225c79e,,,,9,9,,intercepted,0,0,1,6,0,pass,0,1,0,1,0,0,0,0,0,0,11,13,13,11,50,50,0,0,0,,,,0,6,6,0,6"
7,2024,2,FlagWC,World cup,2,956,Group stage,47,Group B,1,#11 Petrillo Sofia Short middle pass incomplete to #1 Fimiani Alice,Pass incomplete,1,1st,2,2nd,20,20,2:55,13,11,6,45,https://ifaf.tv/sportitemset/66c067783767713b5225c79e,,,,,,,incomplete,0,0,2,7,0,pass,0,0,0,0,0,0,0,0,0,0,13,11,13,11,5,5,0,4,0,,,,0,6,0,6,-6
"8,2024,2,FlagWC,World cup,2,956,Group stage,47,Group B,1,""TM rush for no gain, fumble at ITA5"",Rush for no gain,2,2nd,3,3rd,20,20,2:55,13,11,6,45,https://ifaf.tv/sportitemset/66c067783767713b5225c79e,,,,,,,rush,0,0,2,8,0,rush,0,0,0,0,0,0,0,0,0,0,13,11,13,11,5,5,0,4,0,,,,0,6,0,6,-6"
"9,2024,2,FlagWC,World cup,2,956,Group stage,47,Group B,1,""#11 Petrillo Sofia Short left pass complete to #82 Dell'Orto Nausicaa for 1 yards to the ITA6, #82 Dell'Orto Nausicaa run for 11 yards<em> to</em><em> ITA17</em><em> for a gain of</em><em> 12</em><em> yards</em>, tackled by #11 Elizabeth Bourde"",12 yard pass,3,3rd,4,4th,20,8,2:55,13,11,6,45,https://ifaf.tv/sportitemset/66c067783767713b5225c79e,,,,11,,,complete,0,0,2,9,0,pass,1,0,0,0,0,0,0,0,0,0,13,11,13,11,5,17,12,4,0,,,,0,6,0,6,-6"
"10,2024,2,FlagWC,World cup,2,956,Group stage,47,Group B,1,""TM rush for no gain, fumble at ITA17. Time left 14:20"",null yard rush,4,4th,1,1st,8,20,2:55,13,11,6,45,https://ifaf.tv/sportitemset/66c067783767713b5225c79e,,,,,,,rush,0,0,2,10,0,rush,0,0,0,0,0,0,0,0,0,0,13,11,11,13,17,17,0,2,0,,,,0,6,0,6,-6"
"11,2024,2,FlagWC,World cup,2,956,Group stage,47,Group B,1,""#33 Diana Flores Short left pass complete to #9 Ana Aguayo for 7 yards to the MEX12, #9 Ana Aguayo run for 5 yards<em> to</em><em> MEX17</em><em> for a gain of</em><em> 12</em><em> yards</em>, tackled by #43 Guglielmino Yvonne"",12 yard pass,1,1st,2,2nd,20,8,3:50,13,11,6,45,https://ifaf.tv/sportitemset/66c067783767713b5225c79e,,9,,43,,,complete,0,0,3,11,0,pass,1,0,0,0,0,0,0,0,0,0,11,13,11,13,5,17,12,4,0,,,,0,6,6,0,6"
12,2024,2,FlagWC,World cup,2,956,Group stage,47,Group B,1,#33 Diana Flores Deep middle pass incomplete to #31 Tania Rincon,Pass incomplete,2,2nd,3,3rd,8,8,3:50,13,11,6,45,https://ifaf.tv/sportitemset/66c067783767713b5225c79e,,,,,,,incomplete,0,0,3,12,0,pass,0,0,0,0,0,0,0,0,0,0,11,13,11,13,17,17,0,2,0,,,,0,6,6,0,6
"13,2024,2,FlagWC,World cup,2,956,Group stage,47,Group B,1,""#33 Diana Flores Short middle pass complete to #9 Ana Aguayo for 10 yards to the ITA23, #9 Ana Aguayo run for no gain<em> to</em><em> ITA23</em><em> for a gain of</em><em> 10</em><em> yards</em>, end of play<strong>. 1st down Mexico</strong>"",10 yard pass,3,3rd,1,1st,8,23,3:50,13,11,6,45,https://ifaf.tv/sportitemset/66c067783767713b5225c79e,,9,,,,,complete,0,0,3,13,0,pass,1,0,0,0,0,0,0,0,0,0,11,13,11,13,17,27,10,2,1,,,,0,6,6,0,6"
14,2024,2,FlagWC,World cup,2,956,Group stage,47,Group B,1,#31 Tania Rincon Short right pass incomplete to #9 Ana Aguayo,Pass incomplete,1,1st,2,2nd,23,23,3:50,13,11,6,45,https://ifaf.tv/sportitemset/66c067783767713b5225c79e,,,,,,,incomplete,0,0,3,14,0,pass,0,0,0,0,0,0,0,0,0,0,11,13,11,13,27,27,0,5,0,,,,0,6,6,0,6
15,2024,2,FlagWC,World cup,2,956,Group stage,47,Group B,1,#31 Tania Rincon Short left pass incomplete to #33 Diana Flores,Pass incomplete,2,2nd,3,3rd,23,23,3:50,13,11,6,45,https://ifaf.tv/sportitemset/66c067783767713b5225c79e,,,,,,,incomplete,0,0,3,15,0,pass,0,0,0,0,0,0,0,0,0,0,11,13,11,13,27,27,0,5,0,,,,0,6,6,0,6
"16,2024,2,FlagWC,World cup,2,956,Group stage,47,Group B,1,""#33 Diana Flores Short left pass complete to #18 Carranza Valeria for 9 yards to the ITA14, #18 Carranza Valeria run for no gain<em> to</em><em> ITA14</em><em> for a gain of</em><em> 9</em><em> yards</em>, out of bounds"",9 yard pass,3,3rd,4,4th,23,14,3:50,13,11,6,45,https://ifaf.tv/sportitemset/66c067783767713b5225c79e,,18,,,,,complete,0,0,3,16,0,pass,1,0,0,0,0,0,0,0,0,0,11,13,11,13,27,36,9,5,0,,,,0,6,6,0,6"
"17,2024,2,FlagWC,World cup,2,956,Group stage,47,Group B,1,""#33 Diana Flores Deep right pass incomplete to #18 Carranza Valeria, #99 Zocca Giada. Time left 10:30"",Pass incomplete,4,4th,1,1st,14,20,3:50,13,11,6,45,https://ifaf.tv/sportitemset/66c067783767713b5225c79e,,,,,,,incomplete,0,0,3,17,0,pass,0,0,0,0,0,0,0,0,0,0,11,13,13,11,36,36,0,3,0,,,,0,6,6,0,6"
"18,2024,2,FlagWC,World cup,2,956,Group stage,47,Group B,1,""#93 Radisavljević Aleksandra rush reverse for 4 yards, end of play"",4 yard rush,1,1st,2,2nd,20,16,00:00,13,11,6,45,https://ifaf.tv/sportitemset/66c067783767713b5225c79e,,,93,,,,rush,0,0,4,18,0,rush,0,0,0,0,0,0,0,0,0,0,13,11,13,11,5,9,4,4,0,,,,0,6,0,6,-6"
"19,2024,2,FlagWC,World cup,2,956,Group stage,47,Group B,1,""#11 Petrillo Sofia Short left pass complete to #82 Dell'Orto Nausicaa for 5 yards to the ITA14, #82 Dell'Orto Nausicaa run for no gain<em> to</em><em> ITA14</em><em> for a gain of</em><em> 5</em><em> yards</em>, end of play<strong>, penalty</strong> Mexico Illegal contact defense, 10 yard penalty to ITA24<strong>. 1st down Italy</strong>"",15 yard pass,2,2nd,1,1st,16,1,00:00,13,11,6,45,https://ifaf.tv/sportitemset/66c067783767713b5225c79e,,,,,,,complete,1,0,4,19,0,pass,1,0,0,0,0,0,0,0,0,0,13,11,13,11,9,24,15,4,0,,,,0,6,0,6,-6"
"20,2024,2,FlagWC,World cup,2,956,Group stage,47,Group B,1,""#11 Petrillo Sofia Short left pass complete to #1 Fimiani Alice for 6 yards to the MEX20, #1 Fimiani Alice run for 3 yards<em> to</em><em> MEX17</em><em> for a gain of</em><em> 9</em><em> yards</em>, tackled by #11 Elizabeth Bourde<strong>. 1st down Italy</strong>"",9 yard pass,1,1st,1,1st,1,17,00:00,13,11,6,45,https://ifaf.tv/sportitemset/66c067783767713b5225c79e,,1,,11,,,complete,0,0,4,20,0,pass,1,0,0,0,0,0,0,0,0,0,13,11,13,11,24,33,9,1,1,,,,0,6,0,6,-6"
"21,2024,2,FlagWC,World cup,2,956,Group stage,47,Group B,1,""#11 Petrillo Sofia Short right pass complete to #11 Petrillo Sofia for 6 yards to the MEX11, #11 Petrillo Sofia run for loss of 28 yards<em> to</em><em> ITA11</em><em> for a loss of</em><em> 22</em><em> yards</em>, tackled by #2 Victoria Chavez"",-22 yard pass,2,2nd,3,3rd,17,39,00:00,13,11,6,45,https://ifaf.tv/sportitemset/66c067783767713b5225c79e,,11,,2,,,complete,0,0,4,21,0,pass,1,0,0,0,0,0,0,0,0,0,13,11,13,11,33,11,-22,4,0,,,,0,6,0,6,-6"
"22,2024,2,FlagWC,World cup,2,956,Group stage,47,Group B,1,""#11 Petrillo Sofia Deep middle pass incomplete to #1 Fimiani Alice for 0 yards to the MEX1<strong>, penalty</strong> Italy Offensive shielding, declined"",Pass incomplete,3,3rd,4,4th,14,14,00:00,13,11,6,45,https://ifaf.tv/sportitemset/66c067783767713b5225c79e,,,,,,,incomplete,1,0,4,22,0,pass,0,0,0,0,0,0,0,0,0,0,13,11,13,11,11,11,0,3,0,,,,0,6,0,6,-6"
"23,2024,2,FlagWC,World cup,2,956,Group stage,47,Group B,1,""Spotted to MEX11 (target: ITA25) for team Mexico, 3. down"",,3,3rd,3,3rd,14,14,00:00,13,11,6,45,https://ifaf.tv/sportitemset/66c067783767713b5225c79e,,,,,,,,0,0,4,23,0,no_play,0,0,0,0,0,0,0,0,0,0,13,11,11,13,11,39,28,3,1,,,,0,6,0,6,-6"
"24,2024,2,FlagWC,World cup,2,956,Group stage,47,Group B,1,""Spotted to MEX11 (target: MEX0) for team Italy, 3. down"",,3,3rd,3,3rd,39,0,00:00,13,11,6,45,https://ifaf.tv/sportitemset/66c067783767713b5225c79e,,,,,,,,0,0,5,24,0,no_play,0,0,0,0,0,0,0,0,0,0,11,13,13,11,11,50,39,5,0,,,,0,6,6,0,6"
"25,2024,2,FlagWC,World cup,2,956,Group stage,47,Group B,1,""#11 Petrillo Sofia Short right pass complete to #1 Fimiani Alice for 8 yards to the MEX3, #1 Fimiani Alice run for no gain<em> to</em><em> MEX3</em><em> for a gain of</em><em> 8</em><em> yards</em>, end of play<strong>, penalty</strong> Mexico Illegal contact defense at MEX2, 0 yard penalty to MEX2<strong>. 1st down Italy</strong>"",9 yard pass,3,3rd,1,1st,11,2,5:15,13,11,6,45,https://ifaf.tv/sportitemset/66c067783767713b5225c79e,,1,,,,,complete,1,0,6,25,0,pass,1,0,0,0,0,0,0,0,0,0,13,11,13,11,39,48,9,3,0,,,,0,6,0,6,-6"
26,2024,2,FlagWC,World cup,2,956,Group stage,47,Group B,1,#11 Petrillo Sofia Short middle pass incomplete to #1 Fimiani Alice,Pass incomplete,1,1st,2,2nd,2,2,5:15,13,11,6,45,https://ifaf.tv/sportitemset/66c067783767713b5225c79e,,,,,,,incomplete,0,0,6,26,0,pass,0,0,0,0,0,0,0,0,0,0,13,11,13,11,48,48,0,1,0,,,,0,6,0,6,-6
"27,2024,2,FlagWC,World cup,2,956,Group stage,47,Group B,1,""#11 Petrillo Sofia Short right pass complete to #1 Fimiani Alice for 1 yards to the MEX1, #1 Fimiani Alice run for 1 yards<strong>, touchdown</strong>. Time left 05:15"",Touchdown,2,2nd,1,1st,2,,5:15,13,11,6,45,https://ifaf.tv/sportitemset/66c067783767713b5225c79e,,1,,,,,complete,0,0,6,27,0,pass,1,0,1,0,0,0,0,0,0,1,13,11,13,11,48,50,2,1,0,13,6,,6,6,6,6,0"
"28,2024,2,FlagWC,World cup,2,956,Group stage,47,Group B,1,"" Italy, pass attempt, miss"",Extra point attempt,0,PAT 5 yards,1,1st,,,5:15,13,11,6,45,https://ifaf.tv/sportitemset/66c067783767713b5225c79e,,,,,,,miss,0,0,6,28,0,pass,0,0,0,1,0,0,0,0,0,0,13,11,11,13,0,0,0,0,0,,,,6,6,6,6,0"
"29,2024,2,FlagWC,World cup,2,956,Group stage,47,Group B,1,""#33 Diana Flores Short right pass complete to #9 Ana Aguayo for 10 yards to the MEX15, #9 Ana Aguayo run for no gain<em> to</em><em> MEX15</em><em> for a gain of</em><em> 10</em><em> yards</em>, out of bounds"",10 yard pass,1,1st,2,2nd,20,10,1:30,13,11,6,45,https://ifaf.tv/sportitemset/66c067783767713b5225c79e,,9,,,,,complete,0,0,7,29,0,pass,1,0,0,0,0,0,0,0,0,0,11,13,11,13,5,15,10,4,0,,,,6,6,6,6,0"
"30,2024,2,FlagWC,World cup,2,956,Group stage,47,Group B,1,""#33 Diana Flores Short left pass complete to #31 Tania Rincon for 35 yards to the ITA0<strong>, touchdown</strong>. Time left 03:45"",Touchdown,2,2nd,1,1st,10,,1:30,13,11,6,45,https://ifaf.tv/sportitemset/66c067783767713b5225c79e,,31,,,,,complete,0,0,7,30,0,pass,1,0,1,0,0,0,0,0,0,1,11,13,11,13,15,50,35,2,1,11,,6,6,12,12,6,6"
"31,2024,2,FlagWC,World cup,2,956,Group stage,47,Group B,1,"" Mexico, pass attempt, miss"",Extra point attempt,0,PAT 5 yards,1,1st,,,1:30,13,11,6,45,https://ifaf.tv/sportitemset/66c067783767713b5225c79e,,,,,,,miss,0,0,7,31,0,pass,0,0,0,1,0,0,0,0,0,0,11,13,13,11,50,50,0,0,0,,,,6,12,12,6,6"
"32,2024,2,FlagWC,World cup,2,956,Group stage,47,Group B,1,""#11 Petrillo Sofia Short middle pass complete to #1 Fimiani Alice for 1 yards to the ITA6, #1 Fimiani Alice run for 4 yards<em> to</em><em> ITA10</em><em> for a gain of</em><em> 5</em><em> yards</em>, tackled by #2 Victoria Chavez"",5 yard pass,1,1st,2,2nd,20,15,0:44,13,11,6,45,https://ifaf.tv/sportitemset/66c067783767713b5225c79e,,1,,2,,,complete,0,0,8,32,0,pass,1,0,0,0,0,0,0,0,0,0,13,11,13,11,5,10,5,4,0,,,,6,12,6,12,-6"
"33,2024,2,FlagWC,World cup,2,956,Group stage,47,Group B,1,""#11 Petrillo Sofia Short middle pass complete to #82 Dell'Orto Nausicaa for 5 yards to the ITA15, #82 Dell'Orto Nausicaa run for 2 yards<em> to</em><em> ITA17</em><em> for a gain of</em><em> 7</em><em> yards</em>, tackled by #2 Victoria Chavez"",7 yard pass,2,2nd,3,3rd,15,8,0:44,13,11,6,45,https://ifaf.tv/sportitemset/66c067783767713b5225c79e,,,,2,,,complete,0,0,8,33,0,pass,1,0,0,0,0,0,0,0,0,0,13,11,13,11,10,17,7,3,0,,,,6,12,6,12,-6"
"34,2024,2,FlagWC,World cup,2,956,Group stage,47,Group B,1,""#11 Petrillo Sofia Short left pass complete to #82 Dell'Orto Nausicaa for 5 yards to the ITA22, #82 Dell'Orto Nausicaa run for 4 yards<em> to</em><em> MEX24</em><em> for a gain of</em><em> 9</em><em> yards</em>, tackled<strong>. 1st down Italy</strong>"",9 yard pass,3,3rd,1,1st,8,24,0:44,13,11,6,45,https://ifaf.tv/sportitemset/66c067783767713b5225c79e,,,,,,,complete,0,0,8,34,0,pass,1,0,0,0,0,0,0,0,0,0,13,11,13,11,17,26,9,2,1,,,,6,12,6,12,-6"
"35,2024,2,FlagWC,World cup,2,956,Group stage,47,Group B,1,""#11 Petrillo Sofia Short middle pass complete to #82 Dell'Orto Nausicaa for 6 yards to the MEX18, #82 Dell'Orto Nausicaa run for no gain<em> to</em><em> MEX18</em><em> for a gain of</em><em> 6</em><em> yards</em>, end of play"",6 yard pass,1,1st,2,2nd,24,18,0:44,13,11,6,45,https://ifaf.tv/sportitemset/66c067783767713b5225c79e,,,,,,,complete,0,0,8,35,0,pass,1,0,0,0,0,0,0,0,0,0,13,11,13,11,26,32,6,5,0,,,,6,12,6,12,-6"
36,2024,2,FlagWC,World cup,2,956,Group stage,47,Group B,1,Italy timeout. Time left 01:45,Timeout Italy,2,2nd,2,2nd,18,50,0:44,13,11,6,45,https://ifaf.tv/sportitemset/66c067783767713b5225c79e,,,,,,,timeout,0,0,8,36,0,no_play,0,0,0,0,0,0,0,0,0,0,13,11,13,11,32,0,-32,4,0,,,,6,12,6,12,-6
37,2024,2,FlagWC,World cup,2,956,Group stage,47,Group B,1,#11 Petrillo Sofia Deep right pass incomplete to #93 Radisavljević Aleksandra,Pass incomplete,2,2nd,3,3rd,18,18,0:44,13,11,6,45,https://ifaf.tv/sportitemset/66c067783767713b5225c79e,,,,,,,incomplete,0,0,8,37,0,pass,0,0,0,0,0,0,0,0,0,0,13,11,13,11,32,32,0,4,0,,,,6,12,6,12,-6
"38,2024,2,FlagWC,World cup,2,956,Group stage,47,Group B,1,""#11 Petrillo Sofia Short right pass complete to #1 Fimiani Alice for 7 yards to the MEX11, #1 Fimiani Alice run for loss of 1 yards<em> to</em><em> MEX12</em><em> for a gain of</em><em> 6</em><em> yards</em>, tackled by #2 Victoria Chavez"",6 yard pass,3,3rd,4,4th,18,12,0:44,13,11,6,45,https://ifaf.tv/sportitemset/66c067783767713b5225c79e,,1,,2,,,complete,0,0,8,38,0,pass,1,0,0,0,0,0,0,0,0,0,13,11,13,11,32,38,6,4,0,,,,6,12,6,12,-6"
39,2024,2,FlagWC,World cup,2,956,Group stage,47,Group B,1,#11 Petrillo Sofia  sacked by #11 Elizabeth Bourde for -8 yards to the MEX20. Time left 01:01,Sack,4,4th,1,1st,12,20,0:44,13,11,6,45,https://ifaf.tv/sportitemset/66c067783767713b5225c79e,,,,,,11,sack,0,0,8,39,0,pass,0,0,0,0,0,0,0,0,0,0,13,11,11,13,38,30,-8,3,0,,,,6,12,6,12,-6
"40,2024,2,FlagWC,World cup,2,956,Group stage,47,Group B,1,""#33 Diana Flores Short right pass complete to #9 Ana Aguayo for 9 yards to the MEX14, #9 Ana Aguayo run for no gain<em> to</em><em> MEX14</em><em> for a gain of</em><em> 9</em><em> yards</em>, out of bounds"",9 yard pass,1,1st,2,2nd,20,11,0:16,13,11,6,45,https://ifaf.tv/sportitemset/66c067783767713b5225c79e,,9,,,,,complete,0,0,9,40,0,pass,1,0,0,0,0,0,0,0,0,0,11,13,11,13,5,14,9,4,0,,,,6,12,12,6,6"
41,2024,2,FlagWC,World cup,2,956,Group stage,47,Group B,1,#33 Diana Flores Short right pass incomplete to #10,Pass incomplete,2,2nd,3,3rd,11,11,0:16,13,11,6,45,https://ifaf.tv/sportitemset/66c067783767713b5225c79e,,,,,,,incomplete,0,0,9,41,0,pass,0,0,0,0,0,0,0,0,0,0,11,13,11,13,14,14,0,3,0,,,,6,12,12,6,6
"42,2024,2,FlagWC,World cup,2,956,Group stage,47,Group B,1,""#33 Diana Flores Short right pass complete to #3 Silvia Contreras for 5 yards to the MEX19, #3 Silvia Contreras run for 5 yards<em> to</em><em> MEX24</em><em> for a gain of</em><em> 10</em><em> yards</em>, out of bounds"",10 yard pass,3,3rd,4,4th,11,1,0:16,13,11,6,45,https://ifaf.tv/sportitemset/66c067783767713b5225c79e,,3,,,,,complete,0,0,9,42,0,pass,1,0,0,0,0,0,0,0,0,0,11,13,11,13,14,24,10,3,0,,,,6,12,12,6,6"
"43,2024,2,FlagWC,World cup,2,956,Group stage,47,Group B,1,""#31 Tania Rincon Deep right pass complete to #9 Ana Aguayo for 21 yards to the ITA5, #9 Ana Aguayo run for 5 yards<strong>, touchdown</strong>. Time left 00:45"",Touchdown,4,4th,1,1st,1,,0:16,13,11,6,45,https://ifaf.tv/sportitemset/66c067783767713b5225c79e,,9,,,,,complete,0,0,9,43,0,pass,1,0,1,0,0,0,0,0,0,1,11,13,11,13,24,50,26,1,1,11,,6,6,18,18,6,12"
"44,2024,2,FlagWC,World cup,2,956,Group stage,47,Group B,1,"" Mexico, pass attempt, good"",Touchdown,0,PAT 5 yards,1,1st,,,0:16,13,11,6,45,https://ifaf.tv/sportitemset/66c067783767713b5225c79e,,,,,,,good,0,0,9,44,0,pass,0,0,0,1,1,0,1,0,0,1,11,13,13,11,50,50,0,0,0,11,,1,6,19,19,6,13"
45,2024,2,FlagWC,World cup,2,956,Group stage,47,Group B,1,#11 Petrillo Sofia Short right pass incomplete to #93 Radisavljević Aleksandra,Pass incomplete,1,1st,2,2nd,20,20,0:12,13,11,6,45,https://ifaf.tv/sportitemset/66c067783767713b5225c79e,,,,,,,incomplete,0,0,10,45,0,pass,0,0,0,0,0,0,0,0,0,0,13,11,13,11,5,5,0,4,0,,,,6,19,6,19,-13
"46,2024,2,FlagWC,World cup,2,956,Group stage,47,Group B,1,""#11 Petrillo Sofia Deep middle pass intercepted to #11 Elizabeth Bourde for 21 yards to the MEX24, #11 Elizabeth Bourde run for 19 yards<em> to</em><em> ITA7</em>, tackled by #11 Petrillo Sofia. Time left 00:33"",Pass intercepted,2,2nd,1,1st,20,43,0:12,13,11,6,45,https://ifaf.tv/sportitemset/66c067783767713b5225c79e,,,,11,11,,intercepted,0,0,10,46,0,pass,0,1,0,0,0,0,0,0,0,0,13,11,11,13,5,7,2,4,0,,,,6,19,6,19,-13"
47,2024,2,FlagWC,World cup,2,956,Group stage,47,Group B,1,#33 Diana Flores  sacked by #43 Guglielmino Yvonne for -12 yards to the ITA19,Sack,1,1st,2,2nd,7,19,0:23,13,11,6,45,https://ifaf.tv/sportitemset/66c067783767713b5225c79e,,,,,,43,sack,0,0,11,47,0,pass,0,0,0,0,0,0,0,0,0,0,11,13,11,13,43,31,-12,2,0,,,,6,19,19,6,13
"48,2024,2,FlagWC,World cup,2,956,Group stage,47,Group B,1,""#31 Tania Rincon rush left for 12 yards, out of bounds"",12 yard rush,2,2nd,3,3rd,19,7,0:23,13,11,6,45,https://ifaf.tv/sportitemset/66c067783767713b5225c79e,,,31,,,,rush,0,0,11,48,0,rush,0,0,0,0,0,0,0,0,0,0,11,13,11,13,31,43,12,4,0,,,,6,19,19,6,13"
"49,2024,2,FlagWC,World cup,2,956,Group stage,47,Group B,1,""#33 Diana Flores Short left pass complete to #13 Andrea Martinez for 5 yards to the ITA2, #13 Andrea Martinez run for 2 yards<strong>, touchdown</strong>. Time left 00:10"",Touchdown,3,3rd,1,1st,7,,0:23,13,11,6,45,https://ifaf.tv/sportitemset/66c067783767713b5225c79e,,13,,,,,complete,0,0,11,49,0,pass,1,0,1,0,0,0,0,0,0,1,11,13,11,13,43,50,7,2,0,11,,6,6,25,25,6,19"
"50,2024,2,FlagWC,World cup,2,956,Group stage,47,Group B,1,""#33 Diana Flores Short middle pass intercepted to #9 Jirjena Renate for 5 yards to the ITA0, #9 Jirjena Renate run for no gain<em> to</em><em> ITA0</em>, end of play"",Extra point attempt,0,PAT 5 yards,1,1st,,,0:23,13,11,6,45,https://ifaf.tv/sportitemset/66c067783767713b5225c79e,,,,,9,,intercepted,0,0,11,50,0,pass,0,1,0,1,0,0,0,0,0,0,11,13,13,11,50,50,0,0,0,,,,6,25,25,6,19"
"51,2024,2,FlagWC,World cup,2,956,Group stage,47,Group B,1,""#11 Petrillo Sofia Short right pass complete to #93 Radisavljević Aleksandra for 2 yards to the ITA7, #93 Radisavljević Aleksandra run for 12 yards<em> to</em><em> ITA19</em><em> for a gain of</em><em> 14</em><em> yards</em>, tackled by #2 Victoria Chavez"",14 yard pass,1,1st,2,2nd,20,6,0:10,13,11,6,45,https://ifaf.tv/sportitemset/66c067783767713b5225c79e,,93,,2,,,complete,0,0,12,51,0,pass,1,0,0,0,0,0,0,0,0,0,13,11,13,11,5,19,14,4,0,,,,6,25,6,25,-19"
"52,2024,2,FlagWC,World cup,2,956,Group stage,47,Group B,1,""#11 Petrillo Sofia Short left pass complete to #1 Fimiani Alice for 9 yards to the MEX22, #1 Fimiani Alice run for no gain<em> to</em><em> MEX22</em><em> for a gain of</em><em> 9</em><em> yards</em>, out of bounds<strong>. 1st down Italy</strong>"",9 yard pass,2,2nd,1,1st,6,22,0:10,13,11,6,45,https://ifaf.tv/sportitemset/66c067783767713b5225c79e,,1,,,,,complete,0,0,12,52,1,pass,1,0,0,0,0,0,0,0,0,0,13,11,13,11,19,28,9,2,1,,,,6,25,6,25,-19"
"53,2024,2,FlagWC,World cup,2,956,Group stage,47,Group B,2,""#11 Petrillo Sofia Short middle pass complete to #1 Fimiani Alice for 2 yards to the ITA7, #1 Fimiani Alice run for 2 yards<em> to</em><em> ITA9</em><em> for a gain of</em><em> 4</em><em> yards</em>, tackled by #11 Elizabeth Bourde"",4 yard pass,1,1st,2,2nd,20,16,-6:-55,13,11,6,45,https://ifaf.tv/sportitemset/66c067783767713b5225c79e,,1,,11,,,complete,0,0,13,53,0,pass,1,0,0,0,0,0,0,0,0,0,13,11,13,11,5,9,4,4,0,,,,6,25,6,25,-19"
54,2024,2,FlagWC,World cup,2,956,Group stage,47,Group B,2,#11 Petrillo Sofia Short right pass incomplete to #1 Fimiani Alice,Pass incomplete,2,2nd,3,3rd,16,16,-6:-55,13,11,6,45,https://ifaf.tv/sportitemset/66c067783767713b5225c79e,,,,,,,incomplete,0,0,13,54,0,pass,0,0,0,0,0,0,0,0,0,0,13,11,13,11,9,9,0,4,0,,,,6,25,6,25,-19
"55,2024,2,FlagWC,World cup,2,956,Group stage,47,Group B,2,""#11 Petrillo Sofia Short middle pass complete to #54 Mengo Marta for 5 yards to the ITA14, #54 Mengo Marta run for no gain<em> to</em><em> ITA14</em><em> for a gain of</em><em> 5</em><em> yards</em>, end of play<strong>, penalty</strong> Italy Illegal Contact Offence, 4 yard penalty to ITA5, loss of down"",-4 yard pass,3,3rd,4,4th,16,20,-6:-55,13,11,6,45,https://ifaf.tv/sportitemset/66c067783767713b5225c79e,,54,,,,,complete,1,0,13,55,0,pass,1,0,0,0,0,0,0,0,0,0,13,11,13,11,9,5,-4,4,0,,,,6,25,6,25,-19"
"56,2024,2,FlagWC,World cup,2,956,Group stage,47,Group B,2,""#11 Petrillo Sofia Short right pass complete to #93 Radisavljević Aleksandra for 4 yards to the ITA9, #93 Radisavljević Aleksandra run for 11 yards<em> to</em><em> ITA20</em><em> for a gain of</em><em> 15</em><em> yards</em>, tackled by #2 Victoria Chavez. Time left 17:55"",null yard pass,4,4th,1,1st,20,20,-6:-55,13,11,6,45,https://ifaf.tv/sportitemset/66c067783767713b5225c79e,,93,,2,,,complete,0,0,13,56,0,pass,1,0,0,0,0,0,0,0,0,0,13,11,11,13,5,20,15,4,0,,,,6,25,6,25,-19"
"57,2024,2,FlagWC,World cup,2,956,Group stage,47,Group B,2,""#33 Diana Flores Short right pass incomplete to #9 Ana Aguayo, #16 Marcucci Martika"",Pass incomplete,1,1st,2,2nd,20,20,00:00,13,11,6,45,https://ifaf.tv/sportitemset/66c067783767713b5225c79e,,,,,,,incomplete,0,0,14,57,0,pass,0,0,0,0,0,0,0,0,0,0,11,13,11,13,5,5,0,4,0,,,,6,25,25,6,19"
"58,2024,2,FlagWC,World cup,2,956,Group stage,47,Group B,2,""#33 Diana Flores Short right pass complete to #3 Silvia Contreras for 5 yards to the MEX10, #3 Silvia Contreras run for 2 yards<em> to</em><em> MEX12</em><em> for a gain of</em><em> 7</em><em> yards</em>, out of bounds"",7 yard pass,2,2nd,3,3rd,20,13,00:00,13,11,6,45,https://ifaf.tv/sportitemset/66c067783767713b5225c79e,,3,,,,,complete,0,0,14,58,0,pass,1,0,0,0,0,0,0,0,0,0,11,13,11,13,5,12,7,4,0,,,,6,25,25,6,19"
"59,2024,2,FlagWC,World cup,2,956,Group stage,47,Group B,2,""#33 Diana Flores Deep middle pass incomplete to #31 Tania Rincon, #9 Jirjena Renate"",Pass incomplete,3,3rd,4,4th,13,13,00:00,13,11,6,45,https://ifaf.tv/sportitemset/66c067783767713b5225c79e,,,,,,,incomplete,0,0,14,59,0,pass,0,0,0,0,0,0,0,0,0,0,11,13,11,13,12,12,0,3,0,,,,6,25,25,6,19"
"60,2024,2,FlagWC,World cup,2,956,Group stage,47,Group B,2,""#33 Diana Flores Deep left pass intercepted to #9 Jirjena Renate for 37 yards to the ITA1, #9 Jirjena Renate run for 27 yards<em> to</em><em> MEX22</em>, out of bounds<strong>, penalty</strong> Italy Illegal Contact Offence, offsetting<strong>, penalty</strong> Mexico Illegal Contact Offence, offsetting<strong>. 1st down Mexico</strong>"",Pass intercepted,4,4th,4,4th,13,13,00:00,13,11,6,45,https://ifaf.tv/sportitemset/66c067783767713b5225c79e,,,,,9,,intercepted,1,0,14,60,0,pass,0,1,0,0,0,0,0,0,0,0,11,13,11,13,12,12,0,3,0,,,,6,25,25,6,19"
"61,2024,2,FlagWC,World cup,2,956,Group stage,47,Group B,2,""Spotted to ITA12 (target: MEX25) for team Italy, 4. down"",,4,4th,4,4th,-20,13,00:00,13,11,6,45,https://ifaf.tv/sportitemset/66c067783767713b5225c79e,,,,,,,,0,0,14,61,0,no_play,0,0,0,0,0,0,0,0,0,0,11,13,13,11,45,38,-7,1,0,,,,6,25,25,6,19"
"62,2024,2,FlagWC,World cup,2,956,Group stage,47,Group B,2,""Spotted to MEX5 (target: MEX25) for team Mexico, 4. down"",,4,4th,4,4th,13,20,00:00,13,11,6,45,https://ifaf.tv/sportitemset/66c067783767713b5225c79e,,,,,,,,0,0,15,62,0,no_play,0,0,0,0,0,0,0,0,0,0,13,11,11,13,12,0,-12,3,0,,,,6,25,6,25,-19"
"63,2024,2,FlagWC,World cup,2,956,Group stage,47,Group B,2,""#33 Diana Flores Short right pass complete to #9 Ana Aguayo for 21 yards to the ITA24, #9 Ana Aguayo run for no gain<em> to</em><em> ITA24</em><em> for a gain of</em><em> 21</em><em> yards</em>, out of bounds<strong>. 1st down Mexico</strong>"",21 yard pass,4,4th,1,1st,20,24,4:40,13,11,6,45,https://ifaf.tv/sportitemset/66c067783767713b5225c79e,,9,,,,,complete,0,0,16,63,0,pass,1,0,0,0,0,0,0,0,0,0,11,13,11,13,5,26,21,4,1,,,,6,25,25,6,19"
"64,2024,2,FlagWC,World cup,2,956,Group stage,47,Group B,2,""#33 Diana Flores Short left pass complete to #9 Ana Aguayo for 6 yards to the ITA18, #9 Ana Aguayo run for no gain<em> to</em><em> ITA18</em><em> for a gain of</em><em> 6</em><em> yards</em>, tackled by #16 Marcucci Martika"",6 yard pass,1,1st,2,2nd,24,18,4:40,13,11,6,45,https://ifaf.tv/sportitemset/66c067783767713b5225c79e,,9,,16,,,complete,0,0,16,64,0,pass,1,0,0,0,0,0,0,0,0,0,11,13,11,13,26,32,6,5,0,,,,6,25,25,6,19"
"65,2024,2,FlagWC,World cup,2,956,Group stage,47,Group B,2,""#33 Diana Flores Deep right pass complete to #31 Tania Rincon for 18 yards to the ITA0<strong>, touchdown</strong>. Time left 13:15"",Touchdown,2,2nd,1,1st,18,,4:40,13,11,6,45,https://ifaf.tv/sportitemset/66c067783767713b5225c79e,,31,,,,,complete,0,0,16,65,0,pass,1,0,1,0,0,0,0,0,0,1,11,13,11,13,32,50,18,4,0,11,,6,6,31,31,6,25"
"66,2024,2,FlagWC,World cup,2,956,Group stage,47,Group B,2,"" Mexico, pass attempt, miss"",2 point conversion attempt,0,PAT 10 yards,1,1st,,,4:40,13,11,6,45,https://ifaf.tv/sportitemset/66c067783767713b5225c79e,,,,,,,miss,0,0,16,66,0,pass,0,0,0,1,0,0,0,0,0,0,11,13,13,11,50,50,0,0,0,,,,6,31,31,6,25"
67,2024,2,FlagWC,World cup,2,956,Group stage,47,Group B,2,#11 Petrillo Sofia  pass incomplete,Pass incomplete,1,1st,2,2nd,20,20,3:20,13,11,6,45,https://ifaf.tv/sportitemset/66c067783767713b5225c79e,11,,,,,,incomplete,0,0,17,67,0,pass,0,0,0,0,0,0,0,0,0,0,13,11,13,11,5,5,0,4,0,,,,6,31,6,31,-25
68,2024,2,FlagWC,World cup,2,956,Group stage,47,Group B,2,#11 Petrillo Sofia Short middle pass incomplete to #82 Dell'Orto Nausicaa,Pass incomplete,2,2nd,3,3rd,20,20,3:20,13,11,6,45,https://ifaf.tv/sportitemset/66c067783767713b5225c79e,,,,,,,incomplete,0,0,17,68,0,pass,0,0,0,0,0,0,0,0,0,0,13,11,13,11,5,5,0,4,0,,,,6,31,6,31,-25
"69,2024,2,FlagWC,World cup,2,956,Group stage,47,Group B,2,""#11 Petrillo Sofia Short middle pass complete to #54 Mengo Marta for 11 yards to the ITA16, #54 Mengo Marta run for no gain<em> to</em><em> ITA16</em><em> for a gain of</em><em> 11</em><em> yards</em>, tackled by #11 Elizabeth Bourde"",11 yard pass,3,3rd,4,4th,20,9,3:20,13,11,6,45,https://ifaf.tv/sportitemset/66c067783767713b5225c79e,,54,,11,,,complete,0,0,17,69,0,pass,1,0,0,0,0,0,0,0,0,0,13,11,13,11,5,16,11,4,0,,,,6,31,6,31,-25"
"70,2024,2,FlagWC,World cup,2,956,Group stage,47,Group B,2,""#11 Petrillo Sofia Short middle pass incomplete to #54 Mengo Marta, #11 Elizabeth Bourde. Time left 09:55"",Pass incomplete,4,4th,1,1st,9,20,3:20,13,11,6,45,https://ifaf.tv/sportitemset/66c067783767713b5225c79e,,,,,,,incomplete,0,0,17,70,0,pass,0,0,0,0,0,0,0,0,0,0,13,11,11,13,16,16,0,2,0,,,,6,31,6,31,-25"
"71,2024,2,FlagWC,World cup,2,956,Group stage,47,Group B,2,""#33 Diana Flores Deep left pass incomplete to #3 Silvia Contreras, #9 Jirjena Renate"",Pass incomplete,1,1st,2,2nd,20,20,2:10,13,11,6,45,https://ifaf.tv/sportitemset/66c067783767713b5225c79e,,,,,,,incomplete,0,0,18,71,0,pass,0,0,0,0,0,0,0,0,0,0,11,13,11,13,5,5,0,4,0,,,,6,31,31,6,25"
"72,2024,2,FlagWC,World cup,2,956,Group stage,47,Group B,2,""#33 Diana Flores Short left pass complete to #9 Ana Aguayo for 5 yards to the MEX10, #9 Ana Aguayo run for no gain<em> to</em><em> MEX10</em><em> for a gain of</em><em> 5</em><em> yards</em>, tackled by #16 Marcucci Martika"",5 yard pass,2,2nd,3,3rd,20,15,2:10,13,11,6,45,https://ifaf.tv/sportitemset/66c067783767713b5225c79e,,9,,16,,,complete,0,0,18,72,0,pass,1,0,0,0,0,0,0,0,0,0,11,13,11,13,5,10,5,4,0,,,,6,31,31,6,25"
"73,2024,2,FlagWC,World cup,2,956,Group stage,47,Group B,2,""#33 Diana Flores Short right pass complete to #18 Carranza Valeria for 12 yards to the MEX22, #18 Carranza Valeria run for no gain<em> to</em><em> MEX22</em><em> for a gain of</em><em> 12</em><em> yards</em>, tackled by #99 Zocca Giada"",12 yard pass,3,3rd,4,4th,15,3,2:10,13,11,6,45,https://ifaf.tv/sportitemset/66c067783767713b5225c79e,,18,,99,,,complete,0,0,18,73,0,pass,1,0,0,0,0,0,0,0,0,0,11,13,11,13,10,22,12,3,0,,,,6,31,31,6,25"
"74,2024,2,FlagWC,World cup,2,956,Group stage,47,Group B,2,""#33 Diana Flores Short left pass complete to #31 Tania Rincon for 4 yards to the ITA24, #31 Tania Rincon run for 7 yards<em> to</em><em> ITA17</em><em> for a gain of</em><em> 11</em><em> yards</em>, tackled by #14 Privitera Giulia<strong>. 1st down Mexico</strong>"",11 yard pass,4,4th,1,1st,3,17,2:10,13,11,6,45,https://ifaf.tv/sportitemset/66c067783767713b5225c79e,,31,,14,,,complete,0,0,18,74,0,pass,1,0,0,0,0,0,0,0,0,0,11,13,11,13,22,33,11,1,1,,,,6,31,31,6,25"
"75,2024,2,FlagWC,World cup,2,956,Group stage,47,Group B,2,""#31 Tania Rincon Short left pass complete to #18 Carranza Valeria for 9 yards to the ITA8, #18 Carranza Valeria run for 8 yards<strong>, touchdown</strong>. Time left 07:45"",Touchdown,1,1st,1,1st,17,,2:10,13,11,6,45,https://ifaf.tv/sportitemset/66c067783767713b5225c79e,,18,,,,,complete,0,0,18,75,0,pass,1,0,1,0,0,0,0,0,0,1,11,13,11,13,33,50,17,4,0,11,,6,6,37,37,6,31"
"76,2024,2,FlagWC,World cup,2,956,Group stage,47,Group B,2,"" Mexico, pass attempt, good"",Touchdown,0,PAT 10 yards,1,1st,,,2:10,13,11,6,45,https://ifaf.tv/sportitemset/66c067783767713b5225c79e,,,,,,,good,0,0,18,76,0,pass,0,0,0,1,1,0,0,1,0,1,11,13,13,11,50,50,0,0,0,11,,2,6,39,39,6,33"
77,2024,2,FlagWC,World cup,2,956,Group stage,47,Group B,2,#11 Petrillo Sofia Short right pass incomplete to #88 Germinetti Margherita,Pass incomplete,1,1st,2,2nd,20,20,0:30,13,11,6,45,https://ifaf.tv/sportitemset/66c067783767713b5225c79e,,,,,,,incomplete,0,0,19,77,0,pass,0,0,0,0,0,0,0,0,0,0,13,11,13,11,5,5,0,4,0,,,,6,39,6,39,-33
78,2024,2,FlagWC,World cup,2,956,Group stage,47,Group B,2,#11 Petrillo Sofia Short middle pass incomplete to #88 Germinetti Margherita,Pass incomplete,2,2nd,3,3rd,20,20,0:30,13,11,6,45,https://ifaf.tv/sportitemset/66c067783767713b5225c79e,,,,,,,incomplete,0,0,19,78,0,pass,0,0,0,0,0,0,0,0,0,0,13,11,13,11,5,5,0,4,0,,,,6,39,6,39,-33
79,2024,2,FlagWC,World cup,2,956,Group stage,47,Group B,2,#11 Petrillo Sofia  sacked by #12 Rebeca Landa for -4 yards to the ITA1,Sack,3,3rd,4,4th,20,24,0:30,13,11,6,45,https://ifaf.tv/sportitemset/66c067783767713b5225c79e,,,,,,12,sack,0,0,19,79,0,pass,0,0,0,0,0,0,0,0,0,0,13,11,13,11,5,1,-4,4,0,,,,6,39,6,39,-33
"80,2024,2,FlagWC,World cup,2,956,Group stage,47,Group B,2,""#11 Petrillo Sofia Short right pass complete to #88 Germinetti Margherita for 16 yards to the ITA17, #88 Germinetti Margherita run for 1 yards<em> to</em><em> ITA18</em><em> for a gain of</em><em> 17</em><em> yards</em>, out of bounds. Time left 04:20"",null yard pass,4,4th,1,1st,24,20,0:30,13,11,6,45,https://ifaf.tv/sportitemset/66c067783767713b5225c79e,,88,,,,,complete,0,0,19,80,0,pass,1,0,0,0,0,0,0,0,0,0,13,11,11,13,1,18,17,5,0,,,,6,39,6,39,-33"
"81,2024,2,FlagWC,World cup,2,956,Group stage,47,Group B,2,""#33 Diana Flores Deep left pass complete to #3 Silvia Contreras for 21 yards to the ITA24, #3 Silvia Contreras run for 24 yards<strong>, touchdown</strong>. Time left 03:50"",Touchdown,1,1st,1,1st,20,,00:00,13,11,6,45,https://ifaf.tv/sportitemset/66c067783767713b5225c79e,,3,,,,,complete,0,0,20,81,0,pass,1,0,1,0,0,0,0,0,0,1,11,13,11,13,5,50,45,4,1,11,,6,6,45,45,6,39"
"82,2024,2,FlagWC,World cup,2,956,Group stage,47,Group B,2,""#33 Diana Flores Short middle pass incomplete to #9 Ana Aguayo<strong>, penalty</strong> Mexico Penalty, declined"",Pass incomplete,1,1st,2,2nd,-1,24,00:00,13,11,6,45,https://ifaf.tv/sportitemset/66c067783767713b5225c79e,,,,,,,incomplete,1,0,20,82,0,pass,0,0,0,0,0,0,0,0,0,0,11,13,11,13,26,26,0,1,0,,,,6,45,45,6,39"
"83,2024,2,FlagWC,World cup,2,956,Group stage,47,Group B,2,""Spotted to ITA5 (target: ITA25) for team Italy, 1. down"",,1,1st,1,1st,-1,20,00:00,13,11,6,45,https://ifaf.tv/sportitemset/66c067783767713b5225c79e,,,,,,,,0,0,20,83,0,no_play,0,0,0,0,0,0,0,0,0,0,11,13,13,11,26,45,19,1,0,,,,6,45,45,6,39"
"84,2024,2,FlagWC,World cup,2,956,Group stage,47,Group B,2,""#11 Petrillo Sofia Short right pass complete to #1 Fimiani Alice for 9 yards to the ITA14, #1 Fimiani Alice run for no gain<em> to</em><em> ITA14</em><em> for a gain of</em><em> 9</em><em> yards</em>, end of play"",9 yard pass,1,1st,2,2nd,20,11,3:50,13,11,6,45,https://ifaf.tv/sportitemset/66c067783767713b5225c79e,,1,,,,,complete,0,0,21,84,0,pass,1,0,0,0,0,0,0,0,0,0,13,11,13,11,5,14,9,4,0,,,,6,45,6,45,-39"
"85,2024,2,FlagWC,World cup,2,956,Group stage,47,Group B,2,""#11 Petrillo Sofia Short right pass complete to #1 Fimiani Alice for 6 yards to the ITA20, #1 Fimiani Alice run for loss of 1 yards<em> to</em><em> ITA19</em><em> for a gain of</em><em> 5</em><em> yards</em>, tackled by #2 Victoria Chavez"",5 yard pass,2,2nd,3,3rd,11,6,3:50,13,11,6,45,https://ifaf.tv/sportitemset/66c067783767713b5225c79e,,1,,2,,,complete,0,0,21,85,0,pass,1,0,0,0,0,0,0,0,0,0,13,11,13,11,14,19,5,3,0,,,,6,45,6,45,-39"
86,2024,2,FlagWC,World cup,2,956,Group stage,47,Group B,2,#11 Petrillo Sofia Short right pass incomplete to #82 Dell'Orto Nausicaa,Pass incomplete,3,3rd,4,4th,6,6,3:50,13,11,6,45,https://ifaf.tv/sportitemset/66c067783767713b5225c79e,,,,,,,incomplete,0,0,21,86,0,pass,0,0,0,0,0,0,0,0,0,0,13,11,13,11,19,19,0,2,0,,,,6,45,6,45,-39
"87,2024,2,FlagWC,World cup,2,956,Group stage,47,Group B,2,""#11 Petrillo Sofia Short left pass complete to #1 Fimiani Alice for 7 yards to the MEX24, #1 Fimiani Alice run for no gain<em> to</em><em> MEX24</em><em> for a gain of</em><em> 7</em><em> yards</em>, end of play<strong>. 1st down Italy</strong>"",7 yard pass,4,4th,1,1st,6,24,3:50,13,11,6,45,https://ifaf.tv/sportitemset/66c067783767713b5225c79e,,1,,,,,complete,0,0,21,87,0,pass,1,0,0,0,0,0,0,0,0,0,13,11,13,11,19,26,7,2,1,,,,6,45,6,45,-39"
"88,2024,2,FlagWC,World cup,2,956,Group stage,47,Group B,2,""#11 Petrillo Sofia Short right pass complete to #1 Fimiani Alice for 7 yards to the MEX17, #1 Fimiani Alice run for no gain<em> to</em><em> MEX17</em><em> for a gain of</em><em> 7</em><em> yards</em>, tackled by #2 Victoria Chavez"",7 yard pass,1,1st,2,2nd,24,17,3:50,13,11,6,45,https://ifaf.tv/sportitemset/66c067783767713b5225c79e,,1,,2,,,complete,0,0,21,88,0,pass,1,0,0,0,0,0,0,0,0,0,13,11,13,11,26,33,7,5,0,,,,6,45,6,45,-39"
"89,2024,2,FlagWC,World cup,2,956,Group stage,47,Group B,2,""#11 Petrillo Sofia Deep left pass intercepted to #99 Angela Funes for 17 yards to the MEX0, #99 Angela Funes run for 24 yards<em> to</em><em> MEX24</em>, tackled by #1 Fimiani Alice. Time left 00:00"",Pass intercepted,2,2nd,1,1st,17,1,3:50,13,11,6,45,https://ifaf.tv/sportitemset/66c067783767713b5225c79e,,,,1,99,,intercepted,0,0,21,89,1,pass,0,1,0,0,0,0,0,0,0,0,13,11,14,15,33,26,-7,4,0,,,,6,45,6,45,-39"
"90,2024,2,FlagWC,World cup,2,957,Group stage,47,Group B,1,""Spotted to KOR5 (target: KOR25) for team Korea, 1. down"",,1,1st,1,1st,20,20,00:00,14,15,19,27,https://ifaf.tv/sportitemset/66c067783767713b5225c79e,,,,,,,,0,0,2,1,0,no_play,0,0,0,0,0,0,0,0,0,0,14,15,15,14,5,45,40,4,1,,0,0,0,0,0,0,0"
"91,2024,2,FlagWC,World cup,2,957,Group stage,47,Group B,1,""#43 Hyojin Pak Short right pass complete to #8 Jiho Kim for 5 yards to the KOR10, #8 Jiho Kim run for no gain<em> to</em><em> KOR10</em><em> for a gain of</em><em> 5</em><em> yards</em>, tackled by #10"",5 yard pass,1,1st,2,2nd,20,15,0:25,14,15,19,27,https://ifaf.tv/sportitemset/66c067783767713b5225c79e,,8,,,,,complete,0,0,2,2,0,pass,1,0,0,0,0,0,0,0,0,0,15,14,15,14,5,10,5,4,0,,,,0,0,0,0,0"
"92,2024,2,FlagWC,World cup,2,957,Group stage,47,Group B,1,""#43 Hyojin Pak rush up middle for 8 yards, tackled by #23 Freja Jøhnke Overby"",8 yard rush,2,2nd,3,3rd,15,7,0:25,14,15,19,27,https://ifaf.tv/sportitemset/66c067783767713b5225c79e,,,43,23,,,rush,0,0,2,3,0,rush,0,0,0,0,0,0,0,0,0,0,15,14,15,14,10,18,8,3,0,,,,0,0,0,0,0"
"93,2024,2,FlagWC,World cup,2,957,Group stage,47,Group B,1,""#43 Hyojin Pak rush up middle for 8 yards, tackled by #11 Louise Pii Frederiksen<strong>. 1st down Korea</strong>"",8 yard rush,3,3rd,1,1st,7,24,0:25,14,15,19,27,https://ifaf.tv/sportitemset/66c067783767713b5225c79e,,,43,11,,,rush,0,0,2,4,0,rush,0,0,0,0,0,0,0,0,0,0,15,14,15,14,18,26,8,2,1,,,,0,0,0,0,0"
"94,2024,2,FlagWC,World cup,2,957,Group stage,47,Group B,1,""#8 Jiho Kim Short right pass intercepted to #24 Maja Lisborg Sommer for 4 yards to the DEN20, #24 Maja Lisborg Sommer run for 7 yards<em> to</em><em> KOR23</em>, tackled by #10 Minju Kim. Time left 08:00"",Pass intercepted,1,1st,1,1st,24,27,0:25,14,15,19,27,https://ifaf.tv/sportitemset/66c067783767713b5225c79e,,,,10,24,,intercepted,0,0,2,5,0,pass,0,1,0,0,0,0,0,0,0,0,15,14,14,15,26,23,-3,5,0,,,,0,0,0,0,0"
"95,2024,2,FlagWC,World cup,2,957,Group stage,47,Group B,1,""#0 Kamma Astrid Faber Mygind Deep right pass complete to #2 Luna Schytz Wolf for 23 yards to the KOR0<strong>, touchdown</strong>. Time left 07:35"",Touchdown,1,1st,1,1st,23,,1:05,14,15,19,27,https://ifaf.tv/sportitemset/66c067783767713b5225c79e,,2,,,,,complete,0,0,3,6,0,pass,1,0,1,0,0,0,0,0,0,1,14,15,14,15,27,50,23,5,0,14,6,,6,0,6,0,6"
"96,2024,2,FlagWC,World cup,2,957,Group stage,47,Group B,1,"" Denmark, pass attempt, good"",Touchdown,0,PAT 5 yards,1,1st,,,1:05,14,15,19,27,https://ifaf.tv/sportitemset/66c067783767713b5225c79e,,,,,,,good,0,0,3,7,0,pass,0,0,0,1,1,0,1,0,0,1,14,15,15,14,0,0,0,0,0,14,1,,7,0,7,0,7"
"97,2024,2,FlagWC,World cup,2,957,Group stage,47,Group B,1,""#43 Hyojin Pak Deep left pass complete to #22 Sung Eun Jeong for 25 yards to the DEN20, #22 Sung Eun Jeong run for 20 yards<strong>, touchdown</strong>. Time left 06:30"",Touchdown,1,1st,1,1st,20,,00:00,14,15,19,27,https://ifaf.tv/sportitemset/66c067783767713b5225c79e,,22,,,,,complete,0,0,4,8,0,pass,1,0,1,0,0,0,0,0,0,1,15,14,15,14,5,50,45,4,1,15,,6,7,6,6,7,-1"
"98,2024,2,FlagWC,World cup,2,957,Group stage,47,Group B,1,"" Korea, pass attempt, miss"",Extra point attempt,0,PAT 5 yards,1,1st,,,00:00,14,15,19,27,https://ifaf.tv/sportitemset/66c067783767713b5225c79e,,,,,,,miss,0,0,4,9,0,pass,0,0,0,1,0,0,0,0,0,0,15,14,14,15,50,50,0,0,0,,,,7,6,6,7,-1"
"99,2024,2,FlagWC,World cup,2,957,Group stage,47,Group B,1,""Spotted to DEN5 (target: DEN25) for team Denmark, 1. down"",,1,1st,1,1st,20,20,3:00,14,15,19,27,https://ifaf.tv/sportitemset/66c067783767713b5225c79e,,,,,,,,0,0,5,10,0,no_play,0,0,0,0,0,0,0,0,0,0,14,15,14,15,5,0,-5,4,0,,,,7,6,7,6,1"
"100,2024,2,FlagWC,World cup,2,957,Group stage,47,Group B,1,""Spotted to DEN5 (target: DEN25) for team Denmark, 1. down"",,1,1st,1,1st,20,20,3:00,14,15,19,27,https://ifaf.tv/sportitemset/66c067783767713b5225c79e,,,,,,,,0,0,5,11,0,no_play,0,0,0,0,0,0,0,0,0,0,14,15,14,15,5,0,-5,4,0,,,,7,6,7,6,1"
101,2024,2,FlagWC,World cup,2,957,Group stage,47,Group B,1,#0 Kamma Astrid Faber Mygind Deep left pass incomplete to #1 Clara Adda Bernth Hedvall for 0 yards to the KOR20,Pass incomplete,1,1st,2,2nd,20,20,3:00,14,15,19,27,https://ifaf.tv/sportitemset/66c067783767713b5225c79e,,,,,,,incomplete,0,0,5,12,0,pass,0,0,0,0,0,0,0,0,0,0,14,15,14,15,5,5,0,4,0,,,,7,6,7,6,1
"102,2024,2,FlagWC,World cup,2,957,Group stage,47,Group B,1,""#0 Kamma Astrid Faber Mygind Short right pass complete to #2 Luna Schytz Wolf for 5 yards to the DEN10, #2 Luna Schytz Wolf run for no gain<em> to</em><em> DEN10</em><em> for a gain of</em><em> 5</em><em> yards</em>, tackled by #10 Minju Kim"",5 yard pass,2,2nd,3,3rd,20,15,3:00,14,15,19,27,https://ifaf.tv/sportitemset/66c067783767713b5225c79e,,2,,10,,,complete,0,0,5,13,0,pass,1,0,0,0,0,0,0,0,0,0,14,15,14,15,5,10,5,4,0,,,,7,6,7,6,1"
"103,2024,2,FlagWC,World cup,2,957,Group stage,47,Group B,1,""#0 Kamma Astrid Faber Mygind Short middle pass complete to #5 Clara Stroustrup Hansen for 10 yards to the DEN20, #5 Clara Stroustrup Hansen run for no gain<em> to</em><em> DEN20</em><em> for a gain of</em><em> 10</em><em> yards</em>, tackled by #13 Yoonkyung Yoo"",10 yard pass,3,3rd,4,4th,15,5,3:00,14,15,19,27,https://ifaf.tv/sportitemset/66c067783767713b5225c79e,,5,,13,,,complete,0,0,5,14,0,pass,1,0,0,0,0,0,0,0,0,0,14,15,14,15,10,20,10,3,0,,,,7,6,7,6,1"
"104,2024,2,FlagWC,World cup,2,957,Group stage,47,Group B,1,""#0 Kamma Astrid Faber Mygind Deep left pass complete to #2 Luna Schytz Wolf for 12 yards to the KOR18, #2 Luna Schytz Wolf run for 9 yards<em> to</em><em> KOR9</em><em> for a gain of</em><em> 21</em><em> yards</em>, tackled by #13 Yoonkyung Yoo<strong>. 1st down Denmark</strong>"",21 yard pass,4,4th,1,1st,5,9,3:00,14,15,19,27,https://ifaf.tv/sportitemset/66c067783767713b5225c79e,,2,,13,,,complete,0,0,5,15,0,pass,1,0,0,0,0,0,0,0,0,0,14,15,14,15,20,41,21,1,1,,,,7,6,7,6,1"
"105,2024,2,FlagWC,World cup,2,957,Group stage,47,Group B,1,""#0 Kamma Astrid Faber Mygind Short right pass complete to #5 Clara Stroustrup Hansen for 4 yards to the KOR5, #5 Clara Stroustrup Hansen run for no gain<em> to</em><em> KOR5</em><em> for a gain of</em><em> 4</em><em> yards</em>, tackled by #13 Yoonkyung Yoo"",4 yard pass,1,1st,2,2nd,9,5,3:00,14,15,19,27,https://ifaf.tv/sportitemset/66c067783767713b5225c79e,,5,,13,,,complete,0,0,5,16,0,pass,1,0,0,0,0,0,0,0,0,0,14,15,14,15,41,45,4,2,0,,,,7,6,7,6,1"
"106,2024,2,FlagWC,World cup,2,957,Group stage,47,Group B,1,""#0 Kamma Astrid Faber Mygind Short right pass complete to #2 Luna Schytz Wolf for 5 yards to the KOR0<strong>, touchdown</strong>. Time left 03:30"",Touchdown,2,2nd,1,1st,5,,3:00,14,15,19,27,https://ifaf.tv/sportitemset/66c067783767713b5225c79e,,2,,,,,complete,0,0,5,17,0,pass,1,0,1,0,0,0,0,0,0,1,14,15,14,15,45,50,5,1,0,14,6,,13,6,13,6,7"
"107,2024,2,FlagWC,World cup,2,957,Group stage,47,Group B,1,"" Denmark, pass attempt, miss"",Extra point attempt,0,PAT 5 yards,1,1st,,,3:00,14,15,19,27,https://ifaf.tv/sportitemset/66c067783767713b5225c79e,,,,,,,miss,0,0,5,18,0,pass,0,0,0,1,0,0,0,0,0,0,14,15,15,14,0,0,0,0,0,,,,13,6,13,6,7"
"108,2024,2,FlagWC,World cup,2,957,Group stage,47,Group B,1,""Spotted to KOR5 (target: KOR25) for team Korea, 1. down"",,1,1st,1,1st,20,20,0:04,14,15,19,27,https://ifaf.tv/sportitemset/66c067783767713b5225c79e,,,,,,,,0,0,6,19,0,no_play,0,0,0,0,0,0,0,0,0,0,15,14,15,14,5,50,45,4,1,,,,13,6,6,13,-7"
"109,2024,2,FlagWC,World cup,2,957,Group stage,47,Group B,1,""#11 Woo Jung Kwon rush up middle for 7 yards, tackled by #5 Clara Stroustrup Hansen"",7 yard rush,1,1st,2,2nd,20,13,0:04,14,15,19,27,https://ifaf.tv/sportitemset/66c067783767713b5225c79e,,,,5,,,rush,0,0,6,20,0,rush,0,0,0,0,0,0,0,0,0,0,15,14,15,14,5,12,7,4,0,,,,13,6,6,13,-7"
"110,2024,2,FlagWC,World cup,2,957,Group stage,47,Group B,1,""#11 Woo Jung Kwon rush up middle for 8 yards, tackled by #18 Maria Kristiansen"",8 yard rush,2,2nd,3,3rd,13,5,0:04,14,15,19,27,https://ifaf.tv/sportitemset/66c067783767713b5225c79e,,,,18,,,rush,0,0,6,21,0,rush,0,0,0,0,0,0,0,0,0,0,15,14,15,14,12,20,8,3,0,,,,13,6,6,13,-7"
"111,2024,2,FlagWC,World cup,2,957,Group stage,47,Group B,1,""#11 Woo Jung Kwon rush up middle for 4 yards, tackled by #33 Cecilie Aarup Nielsen"",4 yard rush,3,3rd,4,4th,5,1,0:04,14,15,19,27,https://ifaf.tv/sportitemset/66c067783767713b5225c79e,,,,33,,,rush,0,0,6,22,0,rush,0,0,0,0,0,0,0,0,0,0,15,14,15,14,20,24,4,1,0,,,,13,6,6,13,-7"
"112,2024,2,FlagWC,World cup,2,957,Group stage,47,Group B,1,""#11 Woo Jung Kwon rush up middle for 3 yards, tackled by #24 Maja Lisborg Sommer<strong>. 1st down Korea</strong>"",3 yard rush,4,4th,1,1st,1,23,0:04,14,15,19,27,https://ifaf.tv/sportitemset/66c067783767713b5225c79e,,,,24,,,rush,0,0,6,23,0,rush,0,0,0,0,0,0,0,0,0,0,15,14,15,14,24,27,3,1,1,,,,13,6,6,13,-7"
113,2024,2,FlagWC,World cup,2,957,Group stage,47,Group B,1,#43 Hyojin Pak Deep left pass incomplete to #22 Sung Eun Jeong,Pass incomplete,1,1st,2,2nd,23,23,0:04,14,15,19,27,https://ifaf.tv/sportitemset/66c067783767713b5225c79e,,,,,,,incomplete,0,0,6,24,0,pass,0,0,0,0,0,0,0,0,0,0,15,14,15,14,27,27,0,5,0,,,,13,6,6,13,-7
"114,2024,2,FlagWC,World cup,2,957,Group stage,47,Group B,1,""#43 Hyojin Pak rush up middle for 7 yards, tackled by #33 Cecilie Aarup Nielsen"",7 yard rush,2,2nd,3,3rd,23,16,0:04,14,15,19,27,https://ifaf.tv/sportitemset/66c067783767713b5225c79e,,,43,33,,,rush,0,0,6,25,0,rush,0,0,0,0,0,0,0,0,0,0,15,14,15,14,27,34,7,5,0,,,,13,6,6,13,-7"
"115,2024,2,FlagWC,World cup,2,957,Group stage,47,Group B,1,""#43 Hyojin Pak rush left for 14 yards, out of bounds"",14 yard rush,3,3rd,4,4th,16,2,0:04,14,15,19,27,https://ifaf.tv/sportitemset/66c067783767713b5225c79e,,,43,,,,rush,0,0,6,26,0,rush,0,0,0,0,0,0,0,0,0,0,15,14,15,14,34,48,14,4,0,,,,13,6,6,13,-7"
116,2024,2,FlagWC,World cup,2,957,Group stage,47,Group B,1,Denmark timeout. Time left 00:20,Timeout Korea,4,4th,4,4th,2,20,0:04,14,15,19,27,https://ifaf.tv/sportitemset/66c067783767713b5225c79e,,,,,,,timeout,0,0,6,27,0,no_play,0,0,0,0,0,0,0,0,0,0,15,14,15,14,48,50,2,1,0,,,,13,6,6,13,-7
"117,2024,2,FlagWC,World cup,2,957,Group stage,47,Group B,1,""#43 Hyojin Pak Short right pass complete to #9 Hyebin Park for 2 yards to the DEN0<strong>, touchdown</strong>. Time left 00:16"",Touchdown,4,4th,1,1st,2,,0:04,14,15,19,27,https://ifaf.tv/sportitemset/66c067783767713b5225c79e,,9,,,,,complete,0,0,6,28,0,pass,1,0,1,0,0,0,0,0,0,1,15,14,15,14,48,50,2,1,0,15,,6,13,12,12,13,-1"
"118,2024,2,FlagWC,World cup,2,957,Group stage,47,Group B,1,"" Korea, pass attempt, good"",Touchdown,0,PAT 5 yards,1,1st,,,0:04,14,15,19,27,https://ifaf.tv/sportitemset/66c067783767713b5225c79e,,,,,,,good,0,0,6,29,0,pass,0,0,0,1,1,0,1,0,0,1,15,14,14,15,50,50,0,0,0,15,,1,13,13,13,13,0"
"119,2024,2,FlagWC,World cup,2,957,Group stage,47,Group B,1,""Spotted to DEN5 (target: DEN25) for team Denmark, 1. down"",,1,1st,1,1st,20,20,0:16,14,15,19,27,https://ifaf.tv/sportitemset/66c067783767713b5225c79e,,,,,,,,0,0,7,30,0,no_play,0,0,0,0,0,0,0,0,0,0,14,15,14,15,5,0,-5,4,0,,,,13,13,13,13,0"
"120,2024,2,FlagWC,World cup,2,957,Group stage,47,Group B,1,""#0 Kamma Astrid Faber Mygind Short middle pass complete to #6 Laura Anne Poyner-Rasmussen for 13 yards to the DEN18, #6 Laura Anne Poyner-Rasmussen run for no gain<em> to</em><em> DEN18</em><em> for a gain of</em><em> 13</em><em> yards</em>, tackled by #10 Minju Kim"",13 yard pass,1,1st,2,2nd,20,7,0:16,14,15,19,27,https://ifaf.tv/sportitemset/66c067783767713b5225c79e,,6,,10,,,complete,0,0,7,31,0,pass,1,0,0,0,0,0,0,0,0,0,14,15,14,15,5,18,13,4,0,,,,13,13,13,13,0"
"121,2024,2,FlagWC,World cup,2,957,Group stage,47,Group B,1,""#0 Kamma Astrid Faber Mygind Deep right pass incomplete to #5 Clara Stroustrup Hansen, #19 Ga Eun Suh. Time left 00:00"",Pass incomplete,2,2nd,3,3rd,7,7,0:16,14,15,19,27,https://ifaf.tv/sportitemset/66c067783767713b5225c79e,,,,,,,incomplete,0,0,7,32,1,pass,0,0,0,0,0,0,0,0,0,0,14,15,15,14,18,18,0,2,0,,,,13,13,13,13,0"
"122,2024,2,FlagWC,World cup,2,957,Group stage,47,Group B,2,""Spotted to KOR5 (target: KOR25) for team Korea, 1. down"",,1,1st,1,1st,20,20,-3:-50,14,15,19,27,https://ifaf.tv/sportitemset/66c067783767713b5225c79e,,,,,,,,0,0,8,33,0,no_play,0,0,0,0,0,0,0,0,0,0,15,14,15,14,5,50,45,4,1,,,,13,13,13,13,0"
"123,2024,2,FlagWC,World cup,2,957,Group stage,47,Group B,2,""#11 Woo Jung Kwon rush up middle for 10 yards, tackled by #33 Cecilie Aarup Nielsen"",10 yard rush,1,1st,2,2nd,20,10,-3:-50,14,15,19,27,https://ifaf.tv/sportitemset/66c067783767713b5225c79e,,,,33,,,rush,0,0,8,34,0,rush,0,0,0,0,0,0,0,0,0,0,15,14,15,14,5,15,10,4,0,,,,13,13,13,13,0"
"124,2024,2,FlagWC,World cup,2,957,Group stage,47,Group B,2,""#11 Woo Jung Kwon rush up middle for 5 yards, tackled by #11 Louise Pii Frederiksen"",5 yard rush,2,2nd,3,3rd,10,5,-3:-50,14,15,19,27,https://ifaf.tv/sportitemset/66c067783767713b5225c79e,,,,11,,,rush,0,0,8,35,0,rush,0,0,0,0,0,0,0,0,0,0,15,14,15,14,15,20,5,2,0,,,,13,13,13,13,0"
"125,2024,2,FlagWC,World cup,2,957,Group stage,47,Group B,2,""#11 Woo Jung Kwon rush up middle for 4 yards, tackled by #24 Maja Lisborg Sommer"",4 yard rush,3,3rd,4,4th,5,1,-3:-50,14,15,19,27,https://ifaf.tv/sportitemset/66c067783767713b5225c79e,,,,24,,,rush,0,0,8,36,0,rush,0,0,0,0,0,0,0,0,0,0,15,14,15,14,20,24,4,1,0,,,,13,13,13,13,0"
"126,2024,2,FlagWC,World cup,2,957,Group stage,47,Group B,2,""#11 Woo Jung Kwon rush up middle for 5 yards, tackled by #24 Maja Lisborg Sommer<strong>. 1st down Korea</strong>"",5 yard rush,4,4th,1,1st,1,21,-3:-50,14,15,19,27,https://ifaf.tv/sportitemset/66c067783767713b5225c79e,,,,24,,,rush,0,0,8,37,0,rush,0,0,0,0,0,0,0,0,0,0,15,14,15,14,24,29,5,1,1,,,,13,13,13,13,0"
"127,2024,2,FlagWC,World cup,2,957,Group stage,47,Group B,2,""#11 Woo Jung Kwon rush left for 2 yards, tackled by #18 Maria Kristiansen"",2 yard rush,1,1st,2,2nd,21,19,-3:-50,14,15,19,27,https://ifaf.tv/sportitemset/66c067783767713b5225c79e,,,,18,,,rush,0,0,8,38,0,rush,0,0,0,0,0,0,0,0,0,0,15,14,15,14,29,31,2,5,0,,,,13,13,13,13,0"
128,2024,2,FlagWC,World cup,2,957,Group stage,47,Group B,2,#43 Hyojin Pak Deep right pass incomplete to #9 Hyebin Park for 0 yards to the DEN0,Pass incomplete,2,2nd,3,3rd,19,19,-3:-50,14,15,19,27,https://ifaf.tv/sportitemset/66c067783767713b5225c79e,,,,,,,incomplete,0,0,8,39,0,pass,0,0,0,0,0,0,0,0,0,0,15,14,15,14,31,31,0,4,0,,,,13,13,13,13,0
129,2024,2,FlagWC,World cup,2,957,Group stage,47,Group B,2,#43 Hyojin Pak Deep left sacked by #33 Cecilie Aarup Nielsen for -7 yards to the KOR24,Sack,3,3rd,4,4th,19,26,-3:-50,14,15,19,27,https://ifaf.tv/sportitemset/66c067783767713b5225c79e,,,,,,33,sack,0,0,8,40,0,pass,0,0,0,0,0,0,0,0,0,0,15,14,15,14,31,24,-7,4,0,,,,13,13,13,13,0
"130,2024,2,FlagWC,World cup,2,957,Group stage,47,Group B,2,""#43 Hyojin Pak Deep right pass complete to #11 Woo Jung Kwon for 18 yards to the DEN8, #11 Woo Jung Kwon run for 1 yards<em> to</em><em> DEN7</em><em> for a gain of</em><em> 19</em><em> yards</em>, tackled by #33 Cecilie Aarup Nielsen. Time left 14:50"",null yard pass,4,4th,1,1st,26,20,-3:-50,14,15,19,27,https://ifaf.tv/sportitemset/66c067783767713b5225c79e,,11,,33,,,complete,0,0,8,41,0,pass,1,0,0,0,0,0,0,0,0,0,15,14,14,15,24,43,19,5,0,,,,13,13,13,13,0"
"131,2024,2,FlagWC,World cup,2,957,Group stage,47,Group B,2,""#0 Kamma Astrid Faber Mygind rush up middle for 5 yards, tackled by #8 Jiho Kim"",5 yard rush,1,1st,2,2nd,20,15,0:50,14,15,19,27,https://ifaf.tv/sportitemset/66c067783767713b5225c79e,,,,8,,,rush,0,0,9,42,0,rush,0,0,0,0,0,0,0,0,0,0,14,15,14,15,5,10,5,4,0,,,,13,13,13,13,0"
"132,2024,2,FlagWC,World cup,2,957,Group stage,47,Group B,2,""#0 Kamma Astrid Faber Mygind Short left pass complete to #11 Louise Pii Frederiksen for 5 yards to the DEN15, #11 Louise Pii Frederiksen run for no gain<em> to</em><em> DEN15</em><em> for a gain of</em><em> 5</em><em> yards</em>, end of play"",5 yard pass,2,2nd,3,3rd,15,10,0:50,14,15,19,27,https://ifaf.tv/sportitemset/66c067783767713b5225c79e,,11,,,,,complete,0,0,9,43,0,pass,1,0,0,0,0,0,0,0,0,0,14,15,14,15,10,15,5,3,0,,,,13,13,13,13,0"
"133,2024,2,FlagWC,World cup,2,957,Group stage,47,Group B,2,""#0 Kamma Astrid Faber Mygind Short left pass complete to #5 Clara Stroustrup Hansen for 11 yards to the KOR24, #5 Clara Stroustrup Hansen run for no gain<em> to</em><em> KOR24</em><em> for a gain of</em><em> 11</em><em> yards</em>, tackled by #13 Yoonkyung Yoo<strong>. 1st down Denmark</strong>"",11 yard pass,3,3rd,1,1st,10,24,0:50,14,15,19,27,https://ifaf.tv/sportitemset/66c067783767713b5225c79e,,5,,13,,,complete,0,0,9,44,0,pass,1,0,0,0,0,0,0,0,0,0,14,15,14,15,15,26,11,2,1,,,,13,13,13,13,0"
134,2024,2,FlagWC,World cup,2,957,Group stage,47,Group B,2,#0 Kamma Astrid Faber Mygind Deep left pass incomplete to #11 Louise Pii Frederiksen,Pass incomplete,1,1st,2,2nd,24,24,0:50,14,15,19,27,https://ifaf.tv/sportitemset/66c067783767713b5225c79e,,,,,,,incomplete,0,0,9,45,0,pass,0,0,0,0,0,0,0,0,0,0,14,15,14,15,26,26,0,5,0,,,,13,13,13,13,0
"135,2024,2,FlagWC,World cup,2,957,Group stage,47,Group B,2,""#0 Kamma Astrid Faber Mygind Short left pass complete to #2 Luna Schytz Wolf for 8 yards to the KOR16, #2 Luna Schytz Wolf run for no gain<em> to</em><em> KOR16</em><em> for a gain of</em><em> 8</em><em> yards</em>, tackled by #13 Yoonkyung Yoo"",8 yard pass,2,2nd,3,3rd,24,16,0:50,14,15,19,27,https://ifaf.tv/sportitemset/66c067783767713b5225c79e,,2,,13,,,complete,0,0,9,46,0,pass,1,0,0,0,0,0,0,0,0,0,14,15,14,15,26,34,8,5,0,,,,13,13,13,13,0"
"136,2024,2,FlagWC,World cup,2,957,Group stage,47,Group B,2,""#0 Kamma Astrid Faber Mygind Short left pass complete to #5 Clara Stroustrup Hansen for 10 yards to the KOR6, #5 Clara Stroustrup Hansen run for no gain<em> to</em><em> KOR6</em><em> for a gain of</em><em> 10</em><em> yards</em>, tackled by #13 Yoonkyung Yoo"",10 yard pass,3,3rd,4,4th,16,6,0:50,14,15,19,27,https://ifaf.tv/sportitemset/66c067783767713b5225c79e,,5,,13,,,complete,0,0,9,47,0,pass,1,0,0,0,0,0,0,0,0,0,14,15,14,15,34,44,10,4,0,,,,13,13,13,13,0"
137,2024,2,FlagWC,World cup,2,957,Group stage,47,Group B,2,#0 Kamma Astrid Faber Mygind Short left pass incomplete to #5 Clara Stroustrup Hansen for 0 yards to the KOR3. Time left 12:20,Pass incomplete,4,4th,1,1st,6,20,0:50,14,15,19,27,https://ifaf.tv/sportitemset/66c067783767713b5225c79e,,,,,,,incomplete,0,0,9,48,0,pass,0,0,0,0,0,0,0,0,0,0,14,15,15,14,44,44,0,2,0,,,,13,13,13,13,0
"138,2024,2,FlagWC,World cup,2,957,Group stage,47,Group B,2,""#43 Hyojin Pak Deep left pass complete to #22 Sung Eun Jeong for 25 yards to the DEN20, #22 Sung Eun Jeong run for 20 yards<strong>, touchdown</strong>. Time left 11:30"",Touchdown,1,1st,1,1st,20,,00:00,14,15,19,27,https://ifaf.tv/sportitemset/66c067783767713b5225c79e,,22,,,,,complete,0,0,10,49,0,pass,1,0,1,0,0,0,0,0,0,1,15,14,15,14,5,50,45,4,1,15,,6,13,19,19,13,6"
"139,2024,2,FlagWC,World cup,2,957,Group stage,47,Group B,2,"" Korea, pass attempt, miss"",Extra point attempt,0,PAT 5 yards,1,1st,,,00:00,14,15,19,27,https://ifaf.tv/sportitemset/66c067783767713b5225c79e,,,,,,,miss,0,0,10,50,0,pass,0,0,0,1,0,0,0,0,0,0,15,14,14,15,50,50,0,0,0,,,,13,19,19,13,6"
"140,2024,2,FlagWC,World cup,2,957,Group stage,47,Group B,2,""Spotted to DEN5 (target: DEN25) for team Denmark, 1. down"",,1,1st,1,1st,20,20,00:00,14,15,19,27,https://ifaf.tv/sportitemset/66c067783767713b5225c79e,,,,,,,,0,0,11,51,0,no_play,0,0,0,0,0,0,0,0,0,0,14,15,14,15,5,0,-5,4,0,,,,13,19,13,19,-6"
"141,2024,2,FlagWC,World cup,2,957,Group stage,47,Group B,2,""#0 Kamma Astrid Faber Mygind Short left pass complete to #6 Laura Anne Poyner-Rasmussen for 13 yards to the DEN18, #6 Laura Anne Poyner-Rasmussen run for no gain<em> to</em><em> DEN18</em><em> for a gain of</em><em> 13</em><em> yards</em>, tackled by #13 Yoonkyung Yoo"",13 yard pass,1,1st,2,2nd,20,7,00:00,14,15,19,27,https://ifaf.tv/sportitemset/66c067783767713b5225c79e,,6,,13,,,complete,0,0,11,52,0,pass,1,0,0,0,0,0,0,0,0,0,14,15,14,15,5,18,13,4,0,,,,13,19,13,19,-6"
142,2024,2,FlagWC,World cup,2,957,Group stage,47,Group B,2,#0 Kamma Astrid Faber Mygind Deep middle pass incomplete to #23 Freja Jøhnke Overby,Pass incomplete,2,2nd,3,3rd,7,7,00:00,14,15,19,27,https://ifaf.tv/sportitemset/66c067783767713b5225c79e,,,,,,,incomplete,0,0,11,53,0,pass,0,0,0,0,0,0,0,0,0,0,14,15,14,15,18,18,0,2,0,,,,13,19,13,19,-6
143,2024,2,FlagWC,World cup,2,957,Group stage,47,Group B,2,#0 Kamma Astrid Faber Mygind Deep middle pass incomplete to #23 Freja Jøhnke Overby,Pass incomplete,3,3rd,4,4th,7,7,00:00,14,15,19,27,https://ifaf.tv/sportitemset/66c067783767713b5225c79e,,,,,,,incomplete,0,0,11,54,0,pass,0,0,0,0,0,0,0,0,0,0,14,15,14,15,18,18,0,2,0,,,,13,19,13,19,-6
"144,2024,2,FlagWC,World cup,2,957,Group stage,47,Group B,2,""<strong>penalty</strong> Denmark False start, NO PLAY"",4 yard penalty,4,4th,4,4th,7,-20,00:00,14,15,19,27,https://ifaf.tv/sportitemset/66c067783767713b5225c79e,,,,,,,,1,0,11,55,0,no_play,0,0,0,0,0,0,0,0,0,0,14,15,14,15,18,14,-4,2,0,,,,13,19,13,19,-6"
"145,2024,2,FlagWC,World cup,2,957,Group stage,47,Group B,2,""Spotted to DEN14 (target: DEN25) for team Korea, 4. down"",,4,4th,4,4th,-20,-11,00:00,14,15,19,27,https://ifaf.tv/sportitemset/66c067783767713b5225c79e,,,,,,,,0,0,11,56,0,no_play,0,0,0,0,0,0,0,0,0,0,14,15,15,14,45,14,-31,1,0,,,,13,19,13,19,-6"
"146,2024,2,FlagWC,World cup,2,957,Group stage,47,Group B,2,""Spotted to KOR5 (target: KOR25) for team Denmark, 1. down"",,1,1st,1,1st,-11,-20,00:00,14,15,19,27,https://ifaf.tv/sportitemset/66c067783767713b5225c79e,,,,,,,,0,0,12,57,0,no_play,0,0,0,0,0,0,0,0,0,0,15,14,14,15,36,5,-31,1,0,,,,13,19,19,13,6"
"147,2024,2,FlagWC,World cup,2,957,Group stage,47,Group B,2,""Spotted to KOR5 (target: KOR25) for team Korea, 1. down"",,1,1st,1,1st,-20,20,00:00,14,15,19,27,https://ifaf.tv/sportitemset/66c067783767713b5225c79e,,,,,,,,0,0,13,58,0,no_play,0,0,0,0,0,0,0,0,0,0,14,15,15,14,45,0,-45,1,0,,,,13,19,13,19,-6"
148,2024,2,FlagWC,World cup,2,957,Group stage,47,Group B,2,#43 Hyojin Pak Deep right pass incomplete to #8 Jiho Kim,Pass incomplete,1,1st,2,2nd,20,20,5:40,14,15,19,27,https://ifaf.tv/sportitemset/66c067783767713b5225c79e,,,,,,,incomplete,0,0,14,59,0,pass,0,0,0,0,0,0,0,0,0,0,15,14,15,14,5,5,0,4,0,,,,13,19,19,13,6
"149,2024,2,FlagWC,World cup,2,957,Group stage,47,Group B,2,""#11 Woo Jung Kwon rush up middle for 4 yards, tackled by #24 Maja Lisborg Sommer"",4 yard rush,2,2nd,3,3rd,20,16,5:40,14,15,19,27,https://ifaf.tv/sportitemset/66c067783767713b5225c79e,,,,24,,,rush,0,0,14,60,0,rush,0,0,0,0,0,0,0,0,0,0,15,14,15,14,5,9,4,4,0,,,,13,19,19,13,6"
"150,2024,2,FlagWC,World cup,2,957,Group stage,47,Group B,2,""#43 Hyojin Pak Deep left pass complete to #22 Sung Eun Jeong for 21 yards to the DEN20, #22 Sung Eun Jeong run for 20 yards<strong>, touchdown</strong>. Time left 05:50"",Touchdown,3,3rd,1,1st,16,,5:40,14,15,19,27,https://ifaf.tv/sportitemset/66c067783767713b5225c79e,,22,,,,,complete,0,0,14,61,0,pass,1,0,1,0,0,0,0,0,0,1,15,14,15,14,9,50,41,4,1,15,,6,13,25,25,13,12"
"151,2024,2,FlagWC,World cup,2,957,Group stage,47,Group B,2,"" Korea, pass attempt, good"",Touchdown,0,PAT 5 yards,1,1st,,,5:40,14,15,19,27,https://ifaf.tv/sportitemset/66c067783767713b5225c79e,,,,,,,good,0,0,14,62,0,pass,0,0,0,1,1,0,1,0,0,1,15,14,14,15,50,50,0,0,0,15,,1,13,26,26,13,13"
"152,2024,2,FlagWC,World cup,2,957,Group stage,47,Group B,2,""Spotted to DEN5 (target: DEN25) for team Denmark, 1. down"",,1,1st,1,1st,20,20,0:05,14,15,19,27,https://ifaf.tv/sportitemset/66c067783767713b5225c79e,,,,,,,,0,0,15,63,0,no_play,0,0,0,0,0,0,0,0,0,0,14,15,14,15,5,0,-5,4,0,,,,13,26,13,26,-13"
"153,2024,2,FlagWC,World cup,2,957,Group stage,47,Group B,2,""#1 Clara Adda Bernth Hedvall rush right for 6 yards, tackled by #13 Yoonkyung Yoo"",6 yard rush,1,1st,2,2nd,20,14,0:05,14,15,19,27,https://ifaf.tv/sportitemset/66c067783767713b5225c79e,,,,13,,,rush,0,0,15,64,0,rush,0,0,0,0,0,0,0,0,0,0,14,15,14,15,5,11,6,4,0,,,,13,26,13,26,-13"
"154,2024,2,FlagWC,World cup,2,957,Group stage,47,Group B,2,""<strong>penalty</strong> Korea Penalty, NO PLAY"",5 yard penalty,2,2nd,2,2nd,14,9,0:05,14,15,19,27,https://ifaf.tv/sportitemset/66c067783767713b5225c79e,,,,,,,,1,0,15,65,0,no_play,0,0,0,0,0,0,0,0,0,0,14,15,14,15,11,16,5,3,0,,,,13,26,13,26,-13"
155,2024,2,FlagWC,World cup,2,957,Group stage,47,Group B,2,#0 Kamma Astrid Faber Mygind Short middle pass incomplete to #5 Clara Stroustrup Hansen,Pass incomplete,2,2nd,3,3rd,9,9,0:05,14,15,19,27,https://ifaf.tv/sportitemset/66c067783767713b5225c79e,,,,,,,incomplete,0,0,15,66,0,pass,0,0,0,0,0,0,0,0,0,0,14,15,14,15,16,16,0,2,0,,,,13,26,13,26,-13
"156,2024,2,FlagWC,World cup,2,957,Group stage,47,Group B,2,""<strong>penalty</strong> Korea Penalty at KOR24, NO PLAY<strong>. 1st down Denmark</strong>"",Penalty,3,3rd,3,3rd,9,-1,0:05,14,15,19,27,https://ifaf.tv/sportitemset/66c067783767713b5225c79e,,,,,,,,1,0,15,67,0,no_play,0,0,0,0,0,0,0,0,0,0,14,15,14,15,16,26,10,2,1,,,,13,26,13,26,-13"
"157,2024,2,FlagWC,World cup,2,957,Group stage,47,Group B,2,""Spotted to KOR24 (target: KOR0) for team Denmark, 1. down"",,1,1st,1,1st,24,50,0:05,14,15,19,27,https://ifaf.tv/sportitemset/66c067783767713b5225c79e,,,,,,,,0,0,15,68,0,no_play,0,0,0,0,0,0,0,0,0,0,14,15,14,15,26,0,-26,5,0,,,,13,26,13,26,-13"
"158,2024,2,FlagWC,World cup,2,957,Group stage,47,Group B,2,""#0 Kamma Astrid Faber Mygind Short middle pass complete to #11 Louise Pii Frederiksen for 5 yards to the KOR19, #11 Louise Pii Frederiksen run for no gain<em> to</em><em> KOR19</em><em> for a gain of</em><em> 5</em><em> yards</em>, end of play"",5 yard pass,1,1st,2,2nd,24,19,0:05,14,15,19,27,https://ifaf.tv/sportitemset/66c067783767713b5225c79e,,11,,,,,complete,0,0,15,69,0,pass,1,0,0,0,0,0,0,0,0,0,14,15,14,15,26,31,5,5,0,,,,13,26,13,26,-13"
159,2024,2,FlagWC,World cup,2,957,Group stage,47,Group B,2,#0 Kamma Astrid Faber Mygind Deep middle pass incomplete to #5 Clara Stroustrup Hansen,Pass incomplete,2,2nd,3,3rd,19,19,0:05,14,15,19,27,https://ifaf.tv/sportitemset/66c067783767713b5225c79e,,,,,,,incomplete,0,0,15,70,0,pass,0,0,0,0,0,0,0,0,0,0,14,15,14,15,31,31,0,4,0,,,,13,26,13,26,-13
"160,2024,2,FlagWC,World cup,2,957,Group stage,47,Group B,2,""#0 Kamma Astrid Faber Mygind Short right pass complete to #1 Clara Adda Bernth Hedvall for 11 yards to the KOR8, #1 Clara Adda Bernth Hedvall run for no gain<em> to</em><em> KOR8</em><em> for a gain of</em><em> 11</em><em> yards</em>, tackled by #13 Yoonkyung Yoo"",11 yard pass,3,3rd,4,4th,19,8,0:05,14,15,19,27,https://ifaf.tv/sportitemset/66c067783767713b5225c79e,,1,,13,,,complete,0,0,15,71,0,pass,1,0,0,0,0,0,0,0,0,0,14,15,14,15,31,42,11,4,0,,,,13,26,13,26,-13"
161,2024,2,FlagWC,World cup,2,957,Group stage,47,Group B,2,Denmark timeout. Time left 01:45,Timeout Denmark,4,4th,4,4th,8,20,0:05,14,15,19,27,https://ifaf.tv/sportitemset/66c067783767713b5225c79e,,,,,,,timeout,0,0,15,72,0,no_play,0,0,0,0,0,0,0,0,0,0,14,15,14,15,42,0,-42,2,0,,,,13,26,13,26,-13
162,2024,2,FlagWC,World cup,2,957,Group stage,47,Group B,2,#0 Kamma Astrid Faber Mygind Short middle pass incomplete to #2 Luna Schytz Wolf. Time left 01:40,Pass incomplete,4,4th,1,1st,8,20,0:05,14,15,19,27,https://ifaf.tv/sportitemset/66c067783767713b5225c79e,,,,,,,incomplete,0,0,15,73,0,pass,0,0,0,0,0,0,0,0,0,0,14,15,15,14,42,42,0,2,0,,,,13,26,13,26,-13
"163,2024,2,FlagWC,World cup,2,957,Group stage,47,Group B,2,""#11 Woo Jung Kwon rush up middle for 15 yards, tackled by #11 Louise Pii Frederiksen"",15 yard rush,1,1st,2,2nd,20,5,1:40,14,15,19,27,https://ifaf.tv/sportitemset/66c067783767713b5225c79e,,,,11,,,rush,0,0,16,74,0,rush,0,0,0,0,0,0,0,0,0,0,15,14,15,14,5,20,15,4,0,,,,13,26,26,13,13"
"164,2024,2,FlagWC,World cup,2,957,Group stage,47,Group B,2,""#11 Woo Jung Kwon rush up middle for 6 yards, tackled by #24 Maja Lisborg Sommer<strong>. 1st down Korea</strong>"",6 yard rush,2,2nd,1,1st,5,24,1:40,14,15,19,27,https://ifaf.tv/sportitemset/66c067783767713b5225c79e,,,,24,,,rush,0,0,16,75,0,rush,0,0,0,0,0,0,0,0,0,0,15,14,15,14,20,26,6,1,1,,,,13,26,26,13,13"
"165,2024,2,FlagWC,World cup,2,957,Group stage,47,Group B,2,""#22 Sung Eun Jeong rush right for 13 yards, tackled by #11 Louise Pii Frederiksen<strong>, penalty</strong> Denmark Penalty at DEN5, 0 yard penalty to DEN5<strong>. 1st down Korea</strong>"",19 yard rush,1,1st,1,1st,24,5,1:40,14,15,19,27,https://ifaf.tv/sportitemset/66c067783767713b5225c79e,,,,11,,,rush,1,0,16,76,0,rush,0,0,0,0,0,0,0,0,0,0,15,14,15,14,26,45,19,5,0,,,,13,26,26,13,13"
166,2024,2,FlagWC,World cup,2,957,Group stage,47,Group B,2,#43 Hyojin Pak Short left pass incomplete to #22 Sung Eun Jeong,Pass incomplete,1,1st,2,2nd,5,5,1:40,14,15,19,27,https://ifaf.tv/sportitemset/66c067783767713b5225c79e,,,,,,,incomplete,0,0,16,77,0,pass,0,0,0,0,0,0,0,0,0,0,15,14,15,14,45,45,0,1,0,,,,13,26,26,13,13
"167,2024,2,FlagWC,World cup,2,957,Group stage,47,Group B,2,""#43 Hyojin Pak rush kneel down for loss of 1 yards, end of play"",-1 yard rush,2,2nd,3,3rd,5,6,1:40,14,15,19,27,https://ifaf.tv/sportitemset/66c067783767713b5225c79e,,,43,,,,rush,0,0,16,78,1,rush,0,0,0,0,0,0,0,0,0,0,15,14,9,4,45,44,-1,1,0,,,,13,26,26,13,13"