source_game_id,competition,season,note
956,FlagWC,2024,"WC24, seeded from data/wc24_pbp.csv on 2026-08-17"
957,FlagWC,2024,"WC24, seeded from data/wc24_pbp.csv on 2026-08-17"
958,FlagWC,2024,"WC24, seeded from data/wc24_pbp.csv on 2026-08-17"
959,FlagWC,2024,"WC24, seeded from data/wc24_pbp.csv on 2026-08-17"
960,FlagWC,2024,"WC24, seeded from data/wc24_pbp.csv on 2026-08-17"
961,FlagWC,2024,"WC24, seeded from data/wc24_pbp.csv on 2026-08-17"
962,FlagWC,2024,"WC24, seeded from data/wc24_pbp.csv on 2026-08-17"
963,FlagWC,2024,"WC24, seeded from data/wc24_pbp.csv on 2026-08-17"
964,FlagWC,2024,"WC24, seeded from data/wc24_pbp.csv on 2026-08-17"
965,FlagWC,2024,"WC24, seeded from data/wc24_pbp.csv on 2026-08-17"
966,FlagWC,2024,"WC24, seeded from data/wc24_pbp.csv on 2026-08-17"
967,FlagWC,2024,"WC24, seeded from data/wc24_pbp.csv on 2026-08-17"
968,FlagWC,2024,"WC24, seeded from data/wc24_pbp.csv on 2026-08-17"
969,FlagWC,2024,"WC24, seeded from data/wc24_pbp.csv on 2026-08-17"
970,FlagWC,2024,"WC24, seeded from data/wc24_pbp.csv on 2026-08-17"
971,FlagWC,2024,"WC24, seeded from data/wc24_pbp.csv on 2026-08-17"
972,FlagWC,2024,"WC24, seeded from data/wc24_pbp.csv on 2026-08-17"
973,FlagWC,2024,"WC24, seeded from data/wc24_pbp.csv on 2026-08-17"
974,FlagWC,2024,"WC24, seeded from data/wc24_pbp.csv on 2026-08-17"
977,FlagWC,2024,"WC24, seeded from data/wc24_pbp.csv on 2026-08-17"
978,FlagWC,2024,"WC24, seeded from data/wc24_pbp.csv on 2026-08-17"
980,FlagWC,2024,"WC24, seeded from data/wc24_pbp.csv on 2026-08-17"
982,FlagWC,2024,"WC24, seeded from data/wc24_pbp.csv on 2026-08-17"
983,FlagWC,2024,"WC24, seeded from data/wc24_pbp.csv on 2026-08-17"
984,FlagWC,2024,"WC24, seeded from data/wc24_pbp.csv on 2026-08-17"
985,FlagWC,2024,"WC24, seeded from data/wc24_pbp.csv on 2026-08-17"
987,FlagWC,2024,"WC24, seeded from data/wc24_pbp.csv on 2026-08-17"
988,FlagWC,2024,"WC24, seeded from data/wc24_pbp.csv on 2026-08-17"
989,FlagWC,2024,"WC24, seeded from data/wc24_pbp.csv on 2026-08-17"
990,FlagWC,2024,"WC24, seeded from data/wc24_pbp.csv on 2026-08-17"
991,FlagWC,2024,"WC24, seeded from data/wc24_pbp.csv on 2026-08-17"
993,FlagWC,2024,"WC24, seeded from data/wc24_pbp.csv on 2026-08-17"
994,FlagWC,2024,"WC24, seeded from data/wc24_pbp.csv on 2026-08-17"
995,FlagWC,2024,"WC24, seeded from data/wc24_pbp.csv on 2026-08-17"
996,FlagWC,2024,"WC24, seeded from data/wc24_pbp.csv on 2026-08-17"
997,FlagWC,2024,"WC24, seeded from data/wc24_pbp.csv on 2026-08-17"
998,FlagWC,2024,"WC24, seeded from data/wc24_pbp.csv on 2026-08-17"
999,FlagWC,2024,"WC24, seeded from data/wc24_pbp.csv on 2026-08-17"
1000,FlagWC,2024,"WC24, seeded from data/wc24_pbp.csv on 2026-08-17"
1001,FlagWC,2024,"WC24, seeded from data/wc24_pbp.csv on 2026-08-17"
1003,FlagWC,2024,"WC24, seeded from data/wc24_pbp.csv on 2026-08-17"
1004,FlagWC,2024,"WC24, seeded from data/wc24_pbp.csv on 2026-08-17"
1005,FlagWC,2024,"WC24, seeded from data/wc24_pbp.csv on 2026-08-17"
1006,FlagWC,2024,"WC24, seeded from data/wc24_pbp.csv on 2026-08-17"
1007,FlagWC,2024,"WC24, seeded from data/wc24_pbp.csv on 2026-08-17"
1009,FlagWC,2024,"WC24, seeded from data/wc24_pbp.csv on 2026-08-17"
1010,FlagWC,2024,"WC24, seeded from data/wc24_pbp.csv on 2026-08-17"
1011,FlagWC,2024,"WC24, seeded from data/wc24_pbp.csv on 2026-08-17"
1012,FlagWC,2024,"WC24, seeded from data/wc24_pbp.csv on 2026-08-17"
1013,FlagWC,2024,"WC24, seeded from data/wc24_pbp.csv on 2026-08-17"
1014,FlagWC,2024,"WC24, seeded from data/wc24_pbp.csv on 2026-08-17"
1015,FlagWC,2024,"WC24, seeded from data/wc24_pbp.csv on 2026-08-17"
1016,FlagWC,2024,"WC24, seeded from data/wc24_pbp.csv on 2026-08-17"
1017,FlagWC,2024,"WC24, seeded from data/wc24_pbp.csv on 2026-08-17"
1018,FlagWC,2024,"WC24, seeded from data/wc24_pbp.csv on 2026-08-17"
1019,FlagWC,2024,"WC24, seeded from data/wc24_pbp.csv on 2026-08-17"
1020,FlagWC,2024,"WC24, seeded from data/wc24_pbp.csv on 2026-08-17"
1021,FlagWC,2024,"WC24, seeded from data/wc24_pbp.csv on 2026-08-17"
1022,FlagWC,2024,"WC24, seeded from data/wc24_pbp.csv on 2026-08-17"
1023,FlagWC,2024,"WC24, seeded from data/wc24_pbp.csv on 2026-08-17"
1024,FlagWC,2024,"WC24, seeded from data/wc24_pbp.csv on 2026-08-17"
1025,FlagWC,2024,"WC24, seeded from data/wc24_pbp.csv on 2026-08-17"
1026,FlagWC,2024,"WC24, seeded from data/wc24_pbp.csv on 2026-08-17"
1027,FlagWC,2024,"WC24, seeded from data/wc24_pbp.csv on 2026-08-17"
1028,FlagWC,2024,"WC24, seeded from data/wc24_pbp.csv on 2026-08-17"
1029,FlagWC,2024,"WC24, seeded from data/wc24_pbp.csv on 2026-08-17"
1032,FlagWC,2024,"WC24, seeded from data/wc24_pbp.csv on 2026-08-17"
1033,FlagWC,2024,"WC24, seeded from data/wc24_pbp.csv on 2026-08-17"
1034,FlagWC,2024,"WC24, seeded from data/wc24_pbp.csv on 2026-08-17"
1035,FlagWC,2024,"WC24, seeded from data/wc24_pbp.csv on 2026-08-17"
1036,FlagWC,2024,"WC24, seeded from data/wc24_pbp.csv on 2026-08-17"
1037,FlagWC,2024,"WC24, seeded from data/wc24_pbp.csv on 2026-08-17"
1038,FlagWC,2024,"WC24, seeded from data/wc24_pbp.csv on 2026-08-17"
1039,FlagWC,2024,"WC24, seeded from data/wc24_pbp.csv on 2026-08-17"
1041,FlagWC,2024,"WC24, seeded from data/wc24_pbp.csv on 2026-08-17"
1042,FlagWC,2024,"WC24, seeded from data/wc24_pbp.csv on 2026-08-17"
1043,FlagWC,2024,"WC24, seeded from data/wc24_pbp.csv on 2026-08-17"
1044,FlagWC,2024,"WC24, seeded from data/wc24_pbp.csv on 2026-08-17"
1045,FlagWC,2024,"WC24, seeded from data/wc24_pbp.csv on 2026-08-17"
1047,FlagWC,2024,"WC24, seeded from data/wc24_pbp.csv on 2026-08-17"
1048,FlagWC,2024,"WC24, seeded from data/wc24_pbp.csv on 2026-08-17"
1049,FlagWC,2024,"WC24, seeded from data/wc24_pbp.csv on 2026-08-17"
1050,FlagWC,2024,"WC24, seeded from data/wc24_pbp.csv on 2026-08-17"
1051,FlagWC,2024,"WC24, seeded from data/wc24_pbp.csv on 2026-08-17"
1052,FlagWC,2024,"WC24, seeded from data/wc24_pbp.csv on 2026-08-17"
1053,FlagWC,2024,"WC24, seeded from data/wc24_pbp.csv on 2026-08-17"
1054,FlagWC,2024,"WC24, seeded from data/wc24_pbp.csv on 2026-08-17"
1055,FlagWC,2024,"WC24, seeded from data/wc24_pbp.csv on 2026-08-17"
1056,FlagWC,2024,"WC24, seeded from data/wc24_pbp.csv on 2026-08-17"
1057,FlagWC,2024,"WC24, seeded from data/wc24_pbp.csv on 2026-08-17"
1058,FlagWC,2024,"WC24, seeded from data/wc24_pbp.csv on 2026-08-17"
1059,FlagWC,2024,"WC24, seeded from data/wc24_pbp.csv on 2026-08-17"
1060,FlagWC,2024,"WC24, seeded from data/wc24_pbp.csv on 2026-08-17"
1061,FlagWC,2024,"WC24, seeded from data/wc24_pbp.csv on 2026-08-17"
1062,FlagWC,2024,"WC24, seeded from data/wc24_pbp.csv on 2026-08-17"
1063,FlagWC,2024,"WC24, seeded from data/wc24_pbp.csv on 2026-08-17"
1064,FlagWC,2024,"WC24, seeded from data/wc24_pbp.csv on 2026-08-17"
1065,FlagWC,2024,"WC24, seeded from data/wc24_pbp.csv on 2026-08-17"
1066,FlagWC,2024,"WC24, seeded from data/wc24_pbp.csv on 2026-08-17"
1067,FlagWC,2024,"WC24, seeded from data/wc24_pbp.csv on 2026-08-17"
1068,FlagWC,2024,"WC24, seeded from data/wc24_pbp.csv on 2026-08-17"
1074,FlagWC,2024,"WC24, seeded from data/wc24_pbp.csv on 2026-08-17"
1075,FlagWC,2024,"WC24, seeded from data/wc24_pbp.csv on 2026-08-17"
1076,FlagWC,2024,"WC24, seeded from data/wc24_pbp.csv on 2026-08-17"
1077,FlagWC,2024,"WC24, seeded from data/wc24_pbp.csv on 2026-08-17"
1078,FlagWC,2024,"WC24, seeded from data/wc24_pbp.csv on 2026-08-17"
1079,FlagWC,2024,"WC24, seeded from data/wc24_pbp.csv on 2026-08-17"
1080,FlagWC,2024,"WC24, seeded from data/wc24_pbp.csv on 2026-08-17"
1081,FlagWC,2024,"WC24, seeded from data/wc24_pbp.csv on 2026-08-17"
1082,FlagWC,2024,"WC24, seeded from data/wc24_pbp.csv on 2026-08-17"
1083,FlagWC,2024,"WC24, seeded from data/wc24_pbp.csv on 2026-08-17"
1084,FlagWC,2024,"WC24, seeded from data/wc24_pbp.csv on 2026-08-17"
1085,FlagWC,2024,"WC24, seeded from data/wc24_pbp.csv on 2026-08-17"
1086,FlagWC,2024,"WC24, seeded from data/wc24_pbp.csv on 2026-08-17"
1087,FlagWC,2024,"WC24, seeded from data/wc24_pbp.csv on 2026-08-17"
1088,FlagWC,2024,"WC24, seeded from data/wc24_pbp.csv on 2026-08-17"
1089,FlagWC,2024,"WC24, seeded from data/wc24_pbp.csv on 2026-08-17"
1090,FlagWC,2024,"WC24, seeded from data/wc24_pbp.csv on 2026-08-17"
1091,FlagWC,2024,"WC24, seeded from data/wc24_pbp.csv on 2026-08-17"
1092,FlagWC,2024,"WC24, seeded from data/wc24_pbp.csv on 2026-08-17"
1093,FlagWC,2024,"WC24, seeded from data/wc24_pbp.csv on 2026-08-17"
1097,FlagWC,2024,"WC24, seeded from data/wc24_pbp.csv on 2026-08-17"
1098,FlagWC,2024,"WC24, seeded from data/wc24_pbp.csv on 2026-08-17"
1099,FlagWC,2024,"WC24, seeded from data/wc24_pbp.csv on 2026-08-17"
1100,FlagWC,2024,"WC24, seeded from data/wc24_pbp.csv on 2026-08-17"
1101,FlagWC,2024,"WC24, seeded from data/wc24_pbp.csv on 2026-08-17"
1102,FlagWC,2024,"WC24, seeded from data/wc24_pbp.csv on 2026-08-17"
1103,FlagWC,2024,"WC24, seeded from data/wc24_pbp.csv on 2026-08-17"
1104,FlagWC,2024,"WC24, seeded from data/wc24_pbp.csv on 2026-08-17"
1105,FlagWC,2024,"WC24, seeded from data/wc24_pbp.csv on 2026-08-17"
1106,FlagWC,2024,"WC24, seeded from data/wc24_pbp.csv on 2026-08-17"
1107,FlagWC,2024,"WC24, seeded from data/wc24_pbp.csv on 2026-08-17"
1108,FlagWC,2024,"WC24, seeded from data/wc24_pbp.csv on 2026-08-17"
1109,FlagWC,2024,"WC24, seeded from data/wc24_pbp.csv on 2026-08-17"
1110,FlagWC,2024,"WC24, seeded from data/wc24_pbp.csv on 2026-08-17"
1111,FlagWC,2024,"WC24, seeded from data/wc24_pbp.csv on 2026-08-17"
1112,FlagWC,2024,"WC24, seeded from data/wc24_pbp.csv on 2026-08-17"
1113,FlagWC,2024,"WC24, seeded from data/wc24_pbp.csv on 2026-08-17"
1114,FlagWC,2024,"WC24, seeded from data/wc24_pbp.csv on 2026-08-17"
1115,FlagWC,2024,"WC24, seeded from data/wc24_pbp.csv on 2026-08-17"
1116,FlagWC,2024,"WC24, seeded from data/wc24_pbp.csv on 2026-08-17"
1117,FlagWC,2024,"WC24, seeded from data/wc24_pbp.csv on 2026-08-17"
1118,FlagWC,2024,"WC24, seeded from data/wc24_pbp.csv on 2026-08-17"
1123,FlagWC,2024,"WC24, seeded from data/wc24_pbp.csv on 2026-08-17"
1124,FlagWC,2024,"WC24, seeded from data/wc24_pbp.csv on 2026-08-17"
1125,FlagWC,2024,"WC24, seeded from data/wc24_pbp.csv on 2026-08-17"
1126,FlagWC,2024,"WC24, seeded from data/wc24_pbp.csv on 2026-08-17"
1127,FlagWC,2024,"WC24, seeded from data/wc24_pbp.csv on 2026-08-17"
1128,FlagWC,2024,"WC24, seeded from data/wc24_pbp.csv on 2026-08-17"
1129,FlagWC,2024,"WC24, seeded from data/wc24_pbp.csv on 2026-08-17"
1130,FlagWC,2024,"WC24, seeded from data/wc24_pbp.csv on 2026-08-17"
1131,FlagWC,2024,"WC24, seeded from data/wc24_pbp.csv on 2026-08-17"
1132,FlagWC,2024,"WC24, seeded from data/wc24_pbp.csv on 2026-08-17"
1133,FlagWC,2024,"WC24, seeded from data/wc24_pbp.csv on 2026-08-17"
1134,FlagWC,2024,"WC24, seeded from data/wc24_pbp.csv on 2026-08-17"
1137,FlagWC,2024,"WC24, seeded from data/wc24_pbp.csv on 2026-08-17"
1140,FlagWC,2024,"WC24, seeded from data/wc24_pbp.csv on 2026-08-17"
1141,FlagWC,2024,"WC24, seeded from data/wc24_pbp.csv on 2026-08-17"
1142,FlagWC,2024,"WC24, seeded from data/wc24_pbp.csv on 2026-08-17"
1143,FlagWC,2024,"WC24, seeded from data/wc24_pbp.csv on 2026-08-17"
1145,FlagWC,2024,"WC24, seeded from data/wc24_pbp.csv on 2026-08-17"
1146,FlagWC,2024,"WC24, seeded from data/wc24_pbp.csv on 2026-08-17"
1148,FlagWC,2024,"WC24, seeded from data/wc24_pbp.csv on 2026-08-17"
1150,FlagWC,2024,"WC24, seeded from data/wc24_pbp.csv on 2026-08-17"
1151,FlagWC,2024,"WC24, seeded from data/wc24_pbp.csv on 2026-08-17"
1152,FlagWC,2024,"WC24, seeded from data/wc24_pbp.csv on 2026-08-17"
1155,FlagWC,2024,"WC24, seeded from data/wc24_pbp.csv on 2026-08-17"
1157,FlagWC,2024,"WC24, seeded from data/wc24_pbp.csv on 2026-08-17"
